SET IDENTITY_INSERT [dbo].[Customer] ON 

INSERT [dbo].[Customer] ([Id], [CustomerGuid], [Username], [Email], [EmailToRevalidate], [AdminComment], [RequireReLogin], [FailedLoginAttempts], [CannotLoginUntilDateUtc], [Active], [Deleted], [IsSystemAccount], [SystemName], [LastIpAddress], [CreatedOnUtc], [LastLoginDateUtc], [LastActivityDateUtc]) VALUES (1, N'2055623c-faa3-4ed8-b310-db06460363e0', N'admin@gmail.com', N'admin@gmail.com', NULL, NULL, 0, 0, NULL, 1, 0, 0, NULL, N'127.0.0.1', CAST(N'2017-10-16T08:37:07.020' AS DateTime), CAST(N'2017-10-16T08:38:33.997' AS DateTime), CAST(N'2017-10-16T08:38:34.103' AS DateTime))
INSERT [dbo].[Customer] ([Id], [CustomerGuid], [Username], [Email], [EmailToRevalidate], [AdminComment], [RequireReLogin], [FailedLoginAttempts], [CannotLoginUntilDateUtc], [Active], [Deleted], [IsSystemAccount], [SystemName], [LastIpAddress], [CreatedOnUtc], [LastLoginDateUtc], [LastActivityDateUtc]) VALUES (2, N'0f4321bf-c1b1-4578-970c-3fd9980d19b5', N'steve_gates@KKGame.com', N'steve_gates@KKGame.com', NULL, NULL, 0, 0, NULL, 1, 0, 0, NULL, NULL, CAST(N'2017-10-16T08:37:07.270' AS DateTime), NULL, CAST(N'2017-10-16T08:37:07.270' AS DateTime))
INSERT [dbo].[Customer] ([Id], [CustomerGuid], [Username], [Email], [EmailToRevalidate], [AdminComment], [RequireReLogin], [FailedLoginAttempts], [CannotLoginUntilDateUtc], [Active], [Deleted], [IsSystemAccount], [SystemName], [LastIpAddress], [CreatedOnUtc], [LastLoginDateUtc], [LastActivityDateUtc]) VALUES (3, N'63a32cce-8d9a-462a-8775-a1d5d30f7d6a', N'arthur_holmes@KKGame.com', N'arthur_holmes@KKGame.com', NULL, NULL, 0, 0, NULL, 1, 0, 0, NULL, NULL, CAST(N'2017-10-16T08:37:07.300' AS DateTime), NULL, CAST(N'2017-10-16T08:37:07.300' AS DateTime))
INSERT [dbo].[Customer] ([Id], [CustomerGuid], [Username], [Email], [EmailToRevalidate], [AdminComment], [RequireReLogin], [FailedLoginAttempts], [CannotLoginUntilDateUtc], [Active], [Deleted], [IsSystemAccount], [SystemName], [LastIpAddress], [CreatedOnUtc], [LastLoginDateUtc], [LastActivityDateUtc]) VALUES (4, N'1a651dd3-6e79-4727-b3c5-6d317464a67c', N'james_pan@KKGame.com', N'james_pan@KKGame.com', NULL, NULL, 0, 0, 0, 1, 1, 0, 1, NULL, CAST(N'2017-10-16T08:37:07.327' AS DateTime), NULL, CAST(N'2017-10-16T08:37:07.327' AS DateTime))
INSERT [dbo].[Customer] ([Id], [CustomerGuid], [Username], [Email], [EmailToRevalidate], [AdminComment], [RequireReLogin], [FailedLoginAttempts], [CannotLoginUntilDateUtc], [Active], [Deleted], [IsSystemAccount], [SystemName], [LastIpAddress], [CreatedOnUtc], [LastLoginDateUtc], [LastActivityDateUtc]) VALUES (5, N'457974b7-0883-40e7-8a8e-5165807d2983', N'brenda_lindgren@KKGame.com', N'brenda_lindgren@KKGame.com', NULL, NULL, 0, 0, 0,1, 1, 0, 1, NULL, CAST(N'2017-10-16T08:37:07.350' AS DateTime), NULL, CAST(N'2017-10-16T08:37:07.350' AS DateTime))
INSERT [dbo].[Customer] ([Id], [CustomerGuid], [Username], [Email], [EmailToRevalidate], [AdminComment], [RequireReLogin], [FailedLoginAttempts], [CannotLoginUntilDateUtc], [Active], [Deleted], [IsSystemAccount], [SystemName], [LastIpAddress], [CreatedOnUtc], [LastLoginDateUtc], [LastActivityDateUtc]) VALUES (6, N'e0d50d57-609a-4f33-b2a6-7665928ec5cb', N'victoria_victoria@KKGame.com', N'victoria_victoria@KKGame.com', NULL, NULL, 0, 0, 0,0, 1, 0,NULL, NULL, CAST(N'2017-10-16T08:37:07.380' AS DateTime), NULL, CAST(N'2017-10-16T08:37:07.380' AS DateTime))
INSERT [dbo].[Customer] ([Id], [CustomerGuid], [Username], [Email], [EmailToRevalidate], [AdminComment], [RequireReLogin], [FailedLoginAttempts], [CannotLoginUntilDateUtc], [Active], [Deleted], [IsSystemAccount], [SystemName], [LastIpAddress], [CreatedOnUtc], [LastLoginDateUtc], [LastActivityDateUtc]) VALUES (7, N'88025d03-5edf-4f91-9cc1-d749bd20f7a0', NULL, N'builtin@search_engine_record.com', NULL, N'Built-in system guest record used for requests from search engines.', 0, 0, NULL, 1, 0, 1, N'SearchEngine', NULL, CAST(N'2017-10-16T08:37:07.407' AS DateTime), NULL, CAST(N'2017-10-16T08:37:07.407' AS DateTime))
INSERT [dbo].[Customer] ([Id], [CustomerGuid], [Username], [Email], [EmailToRevalidate], [AdminComment], [RequireReLogin], [FailedLoginAttempts], [CannotLoginUntilDateUtc], [Active], [Deleted], [IsSystemAccount], [SystemName], [LastIpAddress], [CreatedOnUtc], [LastLoginDateUtc], [LastActivityDateUtc]) VALUES (8, N'e0afc690-2f83-4cbe-944e-a9795c2c457a', NULL, N'builtin@background-task-record.com', NULL, N'Built-in system record used for background tasks.', 0, 0, 0, 0, 1, 0, N'BackgroundTask', NULL, CAST(N'2017-10-16T08:37:07.413' AS DateTime), NULL, CAST(N'2017-10-16T08:37:07.413' AS DateTime))
SET IDENTITY_INSERT [dbo].[Customer] OFF
GO



SET IDENTITY_INSERT [dbo].[CustomerPassword] ON 

INSERT [dbo].[CustomerPassword] ([Id], [CustomerId], [Password], [PasswordFormatId], [PasswordSalt], [CreatedOnUtc]) VALUES (1, 1, N'AC4AB7DFE470874635DA233A6CDCEFA899AEC6BE4B654C93B277EC36B0B2403E1D196C564E8A80C45CCCAD74C6614FB8129D684CF6B38B9EC1B7483A72492A31', 1, N'1AXYc8U=', CAST(N'2017-10-16T08:37:07.257' AS DateTime))
INSERT [dbo].[CustomerPassword] ([Id], [CustomerId], [Password], [PasswordFormatId], [PasswordSalt], [CreatedOnUtc]) VALUES (2, 2, N'123456', 0, N'', CAST(N'2017-10-16T08:37:07.290' AS DateTime))
INSERT [dbo].[CustomerPassword] ([Id], [CustomerId], [Password], [PasswordFormatId], [PasswordSalt], [CreatedOnUtc]) VALUES (3, 3, N'123456', 0, N'', CAST(N'2017-10-16T08:37:07.323' AS DateTime))
INSERT [dbo].[CustomerPassword] ([Id], [CustomerId], [Password], [PasswordFormatId], [PasswordSalt], [CreatedOnUtc]) VALUES (4, 4, N'123456', 0, N'', CAST(N'2017-10-16T08:37:07.347' AS DateTime))
INSERT [dbo].[CustomerPassword] ([Id], [CustomerId], [Password], [PasswordFormatId], [PasswordSalt], [CreatedOnUtc]) VALUES (5, 5, N'123456', 0, N'', CAST(N'2017-10-16T08:37:07.377' AS DateTime))
INSERT [dbo].[CustomerPassword] ([Id], [CustomerId], [Password], [PasswordFormatId], [PasswordSalt], [CreatedOnUtc]) VALUES (6, 6, N'123456', 0, N'', CAST(N'2017-10-16T08:37:07.403' AS DateTime))
SET IDENTITY_INSERT [dbo].[CustomerPassword] OFF
GO

SET IDENTITY_INSERT [dbo].[GenericAttribute] ON 

INSERT [dbo].[GenericAttribute] ([Id], [EntityId], [KeyGroup], [Key], [Value], [StoreId]) VALUES (1, 1, N'Customer', N'FirstName', N'John', 0)
INSERT [dbo].[GenericAttribute] ([Id], [EntityId], [KeyGroup], [Key], [Value], [StoreId]) VALUES (2, 1, N'Customer', N'LastName', N'Smith', 0)
INSERT [dbo].[GenericAttribute] ([Id], [EntityId], [KeyGroup], [Key], [Value], [StoreId]) VALUES (3, 2, N'Customer', N'FirstName', N'Steve', 0)
INSERT [dbo].[GenericAttribute] ([Id], [EntityId], [KeyGroup], [Key], [Value], [StoreId]) VALUES (4, 2, N'Customer', N'LastName', N'Gates', 0)
INSERT [dbo].[GenericAttribute] ([Id], [EntityId], [KeyGroup], [Key], [Value], [StoreId]) VALUES (5, 3, N'Customer', N'FirstName', N'Arthur', 0)
INSERT [dbo].[GenericAttribute] ([Id], [EntityId], [KeyGroup], [Key], [Value], [StoreId]) VALUES (6, 3, N'Customer', N'LastName', N'Holmes', 0)
INSERT [dbo].[GenericAttribute] ([Id], [EntityId], [KeyGroup], [Key], [Value], [StoreId]) VALUES (7, 4, N'Customer', N'FirstName', N'James', 0)
INSERT [dbo].[GenericAttribute] ([Id], [EntityId], [KeyGroup], [Key], [Value], [StoreId]) VALUES (8, 4, N'Customer', N'LastName', N'Pan', 0)
INSERT [dbo].[GenericAttribute] ([Id], [EntityId], [KeyGroup], [Key], [Value], [StoreId]) VALUES (9, 5, N'Customer', N'FirstName', N'Brenda', 0)
INSERT [dbo].[GenericAttribute] ([Id], [EntityId], [KeyGroup], [Key], [Value], [StoreId]) VALUES (10, 5, N'Customer', N'LastName', N'Lindgren', 0)
INSERT [dbo].[GenericAttribute] ([Id], [EntityId], [KeyGroup], [Key], [Value], [StoreId]) VALUES (11, 6, N'Customer', N'FirstName', N'Victoria', 0)
INSERT [dbo].[GenericAttribute] ([Id], [EntityId], [KeyGroup], [Key], [Value], [StoreId]) VALUES (12, 6, N'Customer', N'LastName', N'Terces', 0)
SET IDENTITY_INSERT [dbo].[GenericAttribute] OFF
GO

SET IDENTITY_INSERT [dbo].[CustomerRole] ON 

INSERT [dbo].[CustomerRole] ([Id], [Name], [FreeShipping], [TaxExempt], [Active], [IsSystemRole], [SystemName], [EnablePasswordLifetime], [PurchasedWithProductId]) VALUES (1, N'Administrators', 0, 0, 1, 1, N'Administrators', 0, 0)
INSERT [dbo].[CustomerRole] ([Id], [Name], [FreeShipping], [TaxExempt], [Active], [IsSystemRole], [SystemName], [EnablePasswordLifetime], [PurchasedWithProductId]) VALUES (2, N'Forum Moderators', 0, 0, 1, 1, N'ForumModerators', 0, 0)
INSERT [dbo].[CustomerRole] ([Id], [Name], [FreeShipping], [TaxExempt], [Active], [IsSystemRole], [SystemName], [EnablePasswordLifetime], [PurchasedWithProductId]) VALUES (3, N'Registered', 0, 0, 1, 1, N'Registered', 0, 0)
INSERT [dbo].[CustomerRole] ([Id], [Name], [FreeShipping], [TaxExempt], [Active], [IsSystemRole], [SystemName], [EnablePasswordLifetime], [PurchasedWithProductId]) VALUES (4, N'Guests', 0, 0, 1, 1, N'Guests', 0, 0)
INSERT [dbo].[CustomerRole] ([Id], [Name], [FreeShipping], [TaxExempt], [Active], [IsSystemRole], [SystemName], [EnablePasswordLifetime], [PurchasedWithProductId]) VALUES (5, N'Vendors', 0, 0, 1, 1, N'Vendors', 0, 0)
SET IDENTITY_INSERT [dbo].[CustomerRole] OFF
GO

INSERT [dbo].[Customer_CustomerRole_Mapping] ([CustomerId], [CustomerRoleId]) VALUES (1, 1)
INSERT [dbo].[Customer_CustomerRole_Mapping] ([CustomerId], [CustomerRoleId]) VALUES (1, 2)
INSERT [dbo].[Customer_CustomerRole_Mapping] ([CustomerId], [CustomerRoleId]) VALUES (1, 3)
INSERT [dbo].[Customer_CustomerRole_Mapping] ([CustomerId], [CustomerRoleId]) VALUES (2, 3)
INSERT [dbo].[Customer_CustomerRole_Mapping] ([CustomerId], [CustomerRoleId]) VALUES (3, 3)
INSERT [dbo].[Customer_CustomerRole_Mapping] ([CustomerId], [CustomerRoleId]) VALUES (4, 3)
INSERT [dbo].[Customer_CustomerRole_Mapping] ([CustomerId], [CustomerRoleId]) VALUES (5, 3)
INSERT [dbo].[Customer_CustomerRole_Mapping] ([CustomerId], [CustomerRoleId]) VALUES (6, 3)
INSERT [dbo].[Customer_CustomerRole_Mapping] ([CustomerId], [CustomerRoleId]) VALUES (7, 4)
INSERT [dbo].[Customer_CustomerRole_Mapping] ([CustomerId], [CustomerRoleId]) VALUES (8, 4)
GO


SET IDENTITY_INSERT [dbo].[Language] ON 

INSERT [dbo].[Language] ([Id], [Name], [LanguageCulture], [UniqueSeoCode], [FlagImageFileName], [Rtl], [LimitedToStores], [DefaultCurrencyId], [Published], [DisplayOrder]) VALUES (1, N'English', N'en-US', N'en', N'us.png', 0, 0, 0, 1, 1)
SET IDENTITY_INSERT [dbo].[Language] OFF
GO


SET IDENTITY_INSERT [dbo].[Setting] ON 

INSERT [dbo].[Setting] ([Id], [Name], [Value], [StoreId]) VALUES (1, N'pdfsettings.logopictureid', N'0', 0)
INSERT [dbo].[Setting] ([Id], [Name], [Value], [StoreId]) VALUES (2, N'pdfsettings.letterpagesizeenabled', N'False', 0)
INSERT [dbo].[Setting] ([Id], [Name], [Value], [StoreId]) VALUES (3, N'pdfsettings.renderordernotes', N'True', 0)
INSERT [dbo].[Setting] ([Id], [Name], [Value], [StoreId]) VALUES (4, N'pdfsettings.disablepdfinvoicesforpendingorders', N'False', 0)
INSERT [dbo].[Setting] ([Id], [Name], [Value], [StoreId]) VALUES (5, N'pdfsettings.fontfilename', N'FreeSerif.ttf', 0)
INSERT [dbo].[Setting] ([Id], [Name], [Value], [StoreId]) VALUES (6, N'pdfsettings.invoicefootertextcolumn1', N'', 0)
INSERT [dbo].[Setting] ([Id], [Name], [Value], [StoreId]) VALUES (7, N'pdfsettings.invoicefootertextcolumn2', N'', 0)
INSERT [dbo].[Setting] ([Id], [Name], [Value], [StoreId]) VALUES (8, N'commonsettings.subjectfieldoncontactusform', N'False', 0)
INSERT [dbo].[Setting] ([Id], [Name], [Value], [StoreId]) VALUES (9, N'commonsettings.usesystememailforcontactusform', N'True', 0)
INSERT [dbo].[Setting] ([Id], [Name], [Value], [StoreId]) VALUES (10, N'commonsettings.usestoredproceduresifsupported', N'True', 0)
INSERT [dbo].[Setting] ([Id], [Name], [Value], [StoreId]) VALUES (11, N'commonsettings.usestoredprocedureforloadingcategories', N'False', 0)
INSERT [dbo].[Setting] ([Id], [Name], [Value], [StoreId]) VALUES (12, N'commonsettings.sitemapenabled', N'True', 0)
INSERT [dbo].[Setting] ([Id], [Name], [Value], [StoreId]) VALUES (13, N'commonsettings.sitemapincludecategories', N'True', 0)
INSERT [dbo].[Setting] ([Id], [Name], [Value], [StoreId]) VALUES (14, N'commonsettings.sitemapincludemanufacturers', N'True', 0)
INSERT [dbo].[Setting] ([Id], [Name], [Value], [StoreId]) VALUES (15, N'commonsettings.sitemapincludeproducts', N'False', 0)
INSERT [dbo].[Setting] ([Id], [Name], [Value], [StoreId]) VALUES (16, N'commonsettings.sitemapincludeproducttags', N'False', 0)
INSERT [dbo].[Setting] ([Id], [Name], [Value], [StoreId]) VALUES (17, N'commonsettings.sitemapcustomurls', N'', 0)
INSERT [dbo].[Setting] ([Id], [Name], [Value], [StoreId]) VALUES (18, N'commonsettings.displayjavascriptdisabledwarning', N'False', 0)
INSERT [dbo].[Setting] ([Id], [Name], [Value], [StoreId]) VALUES (19, N'commonsettings.usefulltextsearch', N'False', 0)
INSERT [dbo].[Setting] ([Id], [Name], [Value], [StoreId]) VALUES (20, N'commonsettings.fulltextmode', N'ExactMatch', 0)
INSERT [dbo].[Setting] ([Id], [Name], [Value], [StoreId]) VALUES (21, N'commonsettings.log404errors', N'True', 0)
INSERT [dbo].[Setting] ([Id], [Name], [Value], [StoreId]) VALUES (22, N'commonsettings.breadcrumbdelimiter', N'/', 0)
INSERT [dbo].[Setting] ([Id], [Name], [Value], [StoreId]) VALUES (23, N'commonsettings.renderxuacompatible', N'False', 0)
INSERT [dbo].[Setting] ([Id], [Name], [Value], [StoreId]) VALUES (24, N'commonsettings.xuacompatiblevalue', N'IE=edge', 0)
INSERT [dbo].[Setting] ([Id], [Name], [Value], [StoreId]) VALUES (25, N'commonsettings.ignorelogwordlist', N'', 0)
INSERT [dbo].[Setting] ([Id], [Name], [Value], [StoreId]) VALUES (26, N'commonsettings.bbcodeeditoropenlinksinnewwindow', N'False', 0)
INSERT [dbo].[Setting] ([Id], [Name], [Value], [StoreId]) VALUES (27, N'commonsettings.popupfortermsofservicelinks', N'True', 0)
INSERT [dbo].[Setting] ([Id], [Name], [Value], [StoreId]) VALUES (28, N'seosettings.pagetitleseparator', N'. ', 0)
INSERT [dbo].[Setting] ([Id], [Name], [Value], [StoreId]) VALUES (29, N'seosettings.pagetitleseoadjustment', N'PagenameAfterStorename', 0)
INSERT [dbo].[Setting] ([Id], [Name], [Value], [StoreId]) VALUES (30, N'seosettings.defaulttitle', N'Your store', 0)
INSERT [dbo].[Setting] ([Id], [Name], [Value], [StoreId]) VALUES (31, N'seosettings.defaultmetakeywords', N'', 0)
INSERT [dbo].[Setting] ([Id], [Name], [Value], [StoreId]) VALUES (32, N'seosettings.defaultmetadescription', N'', 0)
INSERT [dbo].[Setting] ([Id], [Name], [Value], [StoreId]) VALUES (33, N'seosettings.generateproductmetadescription', N'True', 0)
INSERT [dbo].[Setting] ([Id], [Name], [Value], [StoreId]) VALUES (34, N'seosettings.convertnonwesternchars', N'False', 0)
INSERT [dbo].[Setting] ([Id], [Name], [Value], [StoreId]) VALUES (35, N'seosettings.allowunicodecharsinurls', N'True', 0)
INSERT [dbo].[Setting] ([Id], [Name], [Value], [StoreId]) VALUES (36, N'seosettings.canonicalurlsenabled', N'False', 0)
INSERT [dbo].[Setting] ([Id], [Name], [Value], [StoreId]) VALUES (37, N'seosettings.querystringincanonicalurlsenabled', N'False', 0)
INSERT [dbo].[Setting] ([Id], [Name], [Value], [StoreId]) VALUES (38, N'seosettings.wwwrequirement', N'NoMatter', 0)
INSERT [dbo].[Setting] ([Id], [Name], [Value], [StoreId]) VALUES (39, N'seosettings.enablejsbundling', N'False', 0)
INSERT [dbo].[Setting] ([Id], [Name], [Value], [StoreId]) VALUES (40, N'seosettings.enablecssbundling', N'False', 0)
INSERT [dbo].[Setting] ([Id], [Name], [Value], [StoreId]) VALUES (41, N'seosettings.twittermetatags', N'True', 0)
INSERT [dbo].[Setting] ([Id], [Name], [Value], [StoreId]) VALUES (42, N'seosettings.opengraphmetatags', N'True', 0)
INSERT [dbo].[Setting] ([Id], [Name], [Value], [StoreId]) VALUES (43, N'seosettings.reservedurlrecordslugs', N'admin,install,recentlyviewedproducts,newproducts,compareproducts,clearcomparelist,setproductreviewhelpfulness,login,register,logout,cart,wishlist,emailwishlist,checkout,onepagecheckout,contactus,passwordrecovery,subscribenewsletter,blog,boards,inboxupdate,sentupdate,news,sitemap,search,config,eucookielawaccept,page-not-found,con,lpt1,lpt2,lpt3,lpt4,lpt5,lpt6,lpt7,lpt8,lpt9,com1,com2,com3,com4,com5,com6,com7,com8,com9,null,prn,aux', 0)
INSERT [dbo].[Setting] ([Id], [Name], [Value], [StoreId]) VALUES (44, N'seosettings.customheadtags', N'', 0)
INSERT [dbo].[Setting] ([Id], [Name], [Value], [StoreId]) VALUES (45, N'adminareasettings.defaultgridpagesize', N'15', 0)
INSERT [dbo].[Setting] ([Id], [Name], [Value], [StoreId]) VALUES (46, N'adminareasettings.popupgridpagesize', N'10', 0)
INSERT [dbo].[Setting] ([Id], [Name], [Value], [StoreId]) VALUES (47, N'adminareasettings.gridpagesizes', N'10, 15, 20, 50, 100', 0)
INSERT [dbo].[Setting] ([Id], [Name], [Value], [StoreId]) VALUES (48, N'adminareasettings.richeditoradditionalsettings', N'', 0)
INSERT [dbo].[Setting] ([Id], [Name], [Value], [StoreId]) VALUES (49, N'adminareasettings.richeditorallowjavascript', N'False', 0)
INSERT [dbo].[Setting] ([Id], [Name], [Value], [StoreId]) VALUES (50, N'adminareasettings.usericheditorinmessagetemplates', N'False', 0)
INSERT [dbo].[Setting] ([Id], [Name], [Value], [StoreId]) VALUES (51, N'adminareasettings.hideadvertisementsonadminarea', N'False', 0)
INSERT [dbo].[Setting] ([Id], [Name], [Value], [StoreId]) VALUES (52, N'adminareasettings.lastnewstitleadminarea', N'gameCommerce Days 2017', 0)
INSERT [dbo].[Setting] ([Id], [Name], [Value], [StoreId]) VALUES (53, N'adminareasettings.useisodatetimeconverterinjson', N'True', 0)
INSERT [dbo].[Setting] ([Id], [Name], [Value], [StoreId]) VALUES (54, N'adminareasettings.usenestedsetting', N'True', 0)
INSERT [dbo].[Setting] ([Id], [Name], [Value], [StoreId]) VALUES (55, N'producteditorsettings.id', N'False', 0)
INSERT [dbo].[Setting] ([Id], [Name], [Value], [StoreId]) VALUES (56, N'producteditorsettings.producttype', N'False', 0)
INSERT [dbo].[Setting] ([Id], [Name], [Value], [StoreId]) VALUES (57, N'producteditorsettings.visibleindividually', N'False', 0)
INSERT [dbo].[Setting] ([Id], [Name], [Value], [StoreId]) VALUES (58, N'producteditorsettings.producttemplate', N'False', 0)
INSERT [dbo].[Setting] ([Id], [Name], [Value], [StoreId]) VALUES (59, N'producteditorsettings.admincomment', N'False', 0)
INSERT [dbo].[Setting] ([Id], [Name], [Value], [StoreId]) VALUES (60, N'producteditorsettings.vendor', N'False', 0)
INSERT [dbo].[Setting] ([Id], [Name], [Value], [StoreId]) VALUES (61, N'producteditorsettings.stores', N'False', 0)
INSERT [dbo].[Setting] ([Id], [Name], [Value], [StoreId]) VALUES (62, N'producteditorsettings.acl', N'False', 0)
INSERT [dbo].[Setting] ([Id], [Name], [Value], [StoreId]) VALUES (63, N'producteditorsettings.showonhomepage', N'False', 0)
INSERT [dbo].[Setting] ([Id], [Name], [Value], [StoreId]) VALUES (64, N'producteditorsettings.displayorder', N'False', 0)
INSERT [dbo].[Setting] ([Id], [Name], [Value], [StoreId]) VALUES (65, N'producteditorsettings.allowcustomerreviews', N'False', 0)
INSERT [dbo].[Setting] ([Id], [Name], [Value], [StoreId]) VALUES (66, N'producteditorsettings.producttags', N'False', 0)
INSERT [dbo].[Setting] ([Id], [Name], [Value], [StoreId]) VALUES (67, N'producteditorsettings.manufacturerpartnumber', N'False', 0)
INSERT [dbo].[Setting] ([Id], [Name], [Value], [StoreId]) VALUES (68, N'producteditorsettings.gtin', N'False', 0)
INSERT [dbo].[Setting] ([Id], [Name], [Value], [StoreId]) VALUES (69, N'producteditorsettings.productcost', N'False', 0)
INSERT [dbo].[Setting] ([Id], [Name], [Value], [StoreId]) VALUES (70, N'producteditorsettings.tierprices', N'False', 0)
INSERT [dbo].[Setting] ([Id], [Name], [Value], [StoreId]) VALUES (71, N'producteditorsettings.discounts', N'False', 0)
INSERT [dbo].[Setting] ([Id], [Name], [Value], [StoreId]) VALUES (72, N'producteditorsettings.disablebuybutton', N'False', 0)
INSERT [dbo].[Setting] ([Id], [Name], [Value], [StoreId]) VALUES (73, N'producteditorsettings.disablewishlistbutton', N'False', 0)
INSERT [dbo].[Setting] ([Id], [Name], [Value], [StoreId]) VALUES (74, N'producteditorsettings.availableforpreorder', N'False', 0)
INSERT [dbo].[Setting] ([Id], [Name], [Value], [StoreId]) VALUES (75, N'producteditorsettings.callforprice', N'False', 0)
INSERT [dbo].[Setting] ([Id], [Name], [Value], [StoreId]) VALUES (76, N'producteditorsettings.oldprice', N'False', 0)
INSERT [dbo].[Setting] ([Id], [Name], [Value], [StoreId]) VALUES (77, N'producteditorsettings.customerentersprice', N'False', 0)
INSERT [dbo].[Setting] ([Id], [Name], [Value], [StoreId]) VALUES (78, N'producteditorsettings.pangv', N'False', 0)
INSERT [dbo].[Setting] ([Id], [Name], [Value], [StoreId]) VALUES (79, N'producteditorsettings.requireotherproductsaddedtothecart', N'False', 0)
INSERT [dbo].[Setting] ([Id], [Name], [Value], [StoreId]) VALUES (80, N'producteditorsettings.isgiftcard', N'False', 0)
INSERT [dbo].[Setting] ([Id], [Name], [Value], [StoreId]) VALUES (81, N'producteditorsettings.downloadableproduct', N'False', 0)
INSERT [dbo].[Setting] ([Id], [Name], [Value], [StoreId]) VALUES (82, N'producteditorsettings.recurringproduct', N'False', 0)
INSERT [dbo].[Setting] ([Id], [Name], [Value], [StoreId]) VALUES (83, N'producteditorsettings.isrental', N'False', 0)
INSERT [dbo].[Setting] ([Id], [Name], [Value], [StoreId]) VALUES (84, N'producteditorsettings.freeshipping', N'False', 0)
INSERT [dbo].[Setting] ([Id], [Name], [Value], [StoreId]) VALUES (85, N'producteditorsettings.shipseparately', N'False', 0)
INSERT [dbo].[Setting] ([Id], [Name], [Value], [StoreId]) VALUES (86, N'producteditorsettings.additionalshippingcharge', N'False', 0)
INSERT [dbo].[Setting] ([Id], [Name], [Value], [StoreId]) VALUES (87, N'producteditorsettings.deliverydate', N'False', 0)
INSERT [dbo].[Setting] ([Id], [Name], [Value], [StoreId]) VALUES (88, N'producteditorsettings.telecommunicationsbroadcastingelectronicservices', N'False', 0)
INSERT [dbo].[Setting] ([Id], [Name], [Value], [StoreId]) VALUES (89, N'producteditorsettings.productavailabilityrange', N'False', 0)
INSERT [dbo].[Setting] ([Id], [Name], [Value], [StoreId]) VALUES (90, N'producteditorsettings.usemultiplewarehouses', N'False', 0)
INSERT [dbo].[Setting] ([Id], [Name], [Value], [StoreId]) VALUES (91, N'producteditorsettings.warehouse', N'False', 0)
INSERT [dbo].[Setting] ([Id], [Name], [Value], [StoreId]) VALUES (92, N'producteditorsettings.displaystockavailability', N'False', 0)
INSERT [dbo].[Setting] ([Id], [Name], [Value], [StoreId]) VALUES (93, N'producteditorsettings.displaystockquantity', N'False', 0)
INSERT [dbo].[Setting] ([Id], [Name], [Value], [StoreId]) VALUES (94, N'producteditorsettings.minimumstockquantity', N'False', 0)
INSERT [dbo].[Setting] ([Id], [Name], [Value], [StoreId]) VALUES (95, N'producteditorsettings.lowstockactivity', N'False', 0)
INSERT [dbo].[Setting] ([Id], [Name], [Value], [StoreId]) VALUES (96, N'producteditorsettings.notifyadminforquantitybelow', N'False', 0)
INSERT [dbo].[Setting] ([Id], [Name], [Value], [StoreId]) VALUES (97, N'producteditorsettings.backorders', N'False', 0)
INSERT [dbo].[Setting] ([Id], [Name], [Value], [StoreId]) VALUES (98, N'producteditorsettings.allowbackinstocksubscriptions', N'False', 0)
INSERT [dbo].[Setting] ([Id], [Name], [Value], [StoreId]) VALUES (99, N'producteditorsettings.minimumcartquantity', N'False', 0)
INSERT [dbo].[Setting] ([Id], [Name], [Value], [StoreId]) VALUES (100, N'producteditorsettings.maximumcartquantity', N'False', 0)
INSERT [dbo].[Setting] ([Id], [Name], [Value], [StoreId]) VALUES (101, N'producteditorsettings.allowedquantities', N'False', 0)
INSERT [dbo].[Setting] ([Id], [Name], [Value], [StoreId]) VALUES (102, N'producteditorsettings.allowaddingonlyexistingattributecombinations', N'False', 0)
INSERT [dbo].[Setting] ([Id], [Name], [Value], [StoreId]) VALUES (103, N'producteditorsettings.notreturnable', N'False', 0)
INSERT [dbo].[Setting] ([Id], [Name], [Value], [StoreId]) VALUES (104, N'producteditorsettings.weight', N'True', 0)
INSERT [dbo].[Setting] ([Id], [Name], [Value], [StoreId]) VALUES (105, N'producteditorsettings.dimensions', N'True', 0)
INSERT [dbo].[Setting] ([Id], [Name], [Value], [StoreId]) VALUES (106, N'producteditorsettings.availablestartdate', N'False', 0)
INSERT [dbo].[Setting] ([Id], [Name], [Value], [StoreId]) VALUES (107, N'producteditorsettings.availableenddate', N'False', 0)
INSERT [dbo].[Setting] ([Id], [Name], [Value], [StoreId]) VALUES (108, N'producteditorsettings.markasnew', N'False', 0)
INSERT [dbo].[Setting] ([Id], [Name], [Value], [StoreId]) VALUES (109, N'producteditorsettings.markasnewstartdate', N'False', 0)
INSERT [dbo].[Setting] ([Id], [Name], [Value], [StoreId]) VALUES (110, N'producteditorsettings.markasnewenddate', N'False', 0)
INSERT [dbo].[Setting] ([Id], [Name], [Value], [StoreId]) VALUES (111, N'producteditorsettings.published', N'False', 0)
INSERT [dbo].[Setting] ([Id], [Name], [Value], [StoreId]) VALUES (112, N'producteditorsettings.createdon', N'False', 0)
INSERT [dbo].[Setting] ([Id], [Name], [Value], [StoreId]) VALUES (113, N'producteditorsettings.updatedon', N'False', 0)
INSERT [dbo].[Setting] ([Id], [Name], [Value], [StoreId]) VALUES (114, N'producteditorsettings.relatedproducts', N'False', 0)
INSERT [dbo].[Setting] ([Id], [Name], [Value], [StoreId]) VALUES (115, N'producteditorsettings.crosssellsproducts', N'False', 0)
INSERT [dbo].[Setting] ([Id], [Name], [Value], [StoreId]) VALUES (116, N'producteditorsettings.seo', N'False', 0)
INSERT [dbo].[Setting] ([Id], [Name], [Value], [StoreId]) VALUES (117, N'producteditorsettings.purchasedwithorders', N'False', 0)
INSERT [dbo].[Setting] ([Id], [Name], [Value], [StoreId]) VALUES (118, N'producteditorsettings.onecolumnproductpage', N'False', 0)
INSERT [dbo].[Setting] ([Id], [Name], [Value], [StoreId]) VALUES (119, N'producteditorsettings.productattributes', N'True', 0)
INSERT [dbo].[Setting] ([Id], [Name], [Value], [StoreId]) VALUES (120, N'producteditorsettings.specificationattributes', N'True', 0)
INSERT [dbo].[Setting] ([Id], [Name], [Value], [StoreId]) VALUES (121, N'producteditorsettings.manufacturers', N'False', 0)
INSERT [dbo].[Setting] ([Id], [Name], [Value], [StoreId]) VALUES (122, N'producteditorsettings.stockquantityhistory', N'False', 0)
INSERT [dbo].[Setting] ([Id], [Name], [Value], [StoreId]) VALUES (123, N'catalogsettings.allowviewunpublishedproductpage', N'True', 0)
INSERT [dbo].[Setting] ([Id], [Name], [Value], [StoreId]) VALUES (124, N'catalogsettings.displaydiscontinuedmessageforunpublishedproducts', N'True', 0)
INSERT [dbo].[Setting] ([Id], [Name], [Value], [StoreId]) VALUES (125, N'catalogsettings.publishbackproductwhencancellingorders', N'False', 0)
INSERT [dbo].[Setting] ([Id], [Name], [Value], [StoreId]) VALUES (126, N'catalogsettings.showskuonproductdetailspage', N'True', 0)
INSERT [dbo].[Setting] ([Id], [Name], [Value], [StoreId]) VALUES (127, N'catalogsettings.showskuoncatalogpages', N'False', 0)
INSERT [dbo].[Setting] ([Id], [Name], [Value], [StoreId]) VALUES (128, N'catalogsettings.showmanufacturerpartnumber', N'False', 0)
INSERT [dbo].[Setting] ([Id], [Name], [Value], [StoreId]) VALUES (129, N'catalogsettings.showgtin', N'False', 0)
INSERT [dbo].[Setting] ([Id], [Name], [Value], [StoreId]) VALUES (130, N'catalogsettings.showfreeshippingnotification', N'True', 0)
INSERT [dbo].[Setting] ([Id], [Name], [Value], [StoreId]) VALUES (131, N'catalogsettings.allowproductsorting', N'True', 0)
INSERT [dbo].[Setting] ([Id], [Name], [Value], [StoreId]) VALUES (132, N'catalogsettings.allowproductviewmodechanging', N'True', 0)
INSERT [dbo].[Setting] ([Id], [Name], [Value], [StoreId]) VALUES (133, N'catalogsettings.defaultviewmode', N'grid', 0)
INSERT [dbo].[Setting] ([Id], [Name], [Value], [StoreId]) VALUES (134, N'catalogsettings.showproductsfromsubcategories', N'False', 0)
INSERT [dbo].[Setting] ([Id], [Name], [Value], [StoreId]) VALUES (135, N'catalogsettings.showcategoryproductnumber', N'False', 0)
INSERT [dbo].[Setting] ([Id], [Name], [Value], [StoreId]) VALUES (136, N'catalogsettings.showcategoryproductnumberincludingsubcategories', N'False', 0)
INSERT [dbo].[Setting] ([Id], [Name], [Value], [StoreId]) VALUES (137, N'catalogsettings.categorybreadcrumbenabled', N'True', 0)
INSERT [dbo].[Setting] ([Id], [Name], [Value], [StoreId]) VALUES (138, N'catalogsettings.showsharebutton', N'True', 0)
INSERT [dbo].[Setting] ([Id], [Name], [Value], [StoreId]) VALUES (139, N'catalogsettings.pagesharecode', N'<!-- AddThis Button BEGIN --><div class="addthis_toolbox addthis_default_style "><a class="addthis_button_preferred_1"></a><a class="addthis_button_preferred_2"></a><a class="addthis_button_preferred_3"></a><a class="addthis_button_preferred_4"></a><a class="addthis_button_compact"></a><a class="addthis_counter addthis_bubble_style"></a></div><script type="text/javascript" src="http://s7.addthis.com/js/250/addthis_widget.js#pubid=gamesolutions"></script><!-- AddThis Button END -->', 0)
INSERT [dbo].[Setting] ([Id], [Name], [Value], [StoreId]) VALUES (140, N'catalogsettings.productreviewsmustbeapproved', N'False', 0)
INSERT [dbo].[Setting] ([Id], [Name], [Value], [StoreId]) VALUES (141, N'catalogsettings.defaultproductratingvalue', N'5', 0)
INSERT [dbo].[Setting] ([Id], [Name], [Value], [StoreId]) VALUES (142, N'catalogsettings.allowanonymoususerstoreviewproduct', N'False', 0)
INSERT [dbo].[Setting] ([Id], [Name], [Value], [StoreId]) VALUES (143, N'catalogsettings.productreviewpossibleonlyafterpurchasing', N'False', 0)
INSERT [dbo].[Setting] ([Id], [Name], [Value], [StoreId]) VALUES (144, N'catalogsettings.notifystoreowneraboutnewproductreviews', N'False', 0)
INSERT [dbo].[Setting] ([Id], [Name], [Value], [StoreId]) VALUES (145, N'catalogsettings.showproductreviewsperstore', N'False', 0)
INSERT [dbo].[Setting] ([Id], [Name], [Value], [StoreId]) VALUES (146, N'catalogsettings.showproductreviewstabonaccountpage', N'True', 0)
INSERT [dbo].[Setting] ([Id], [Name], [Value], [StoreId]) VALUES (147, N'catalogsettings.productreviewspagesizeonaccountpage', N'10', 0)
INSERT [dbo].[Setting] ([Id], [Name], [Value], [StoreId]) VALUES (148, N'catalogsettings.emailafriendenabled', N'True', 0)
INSERT [dbo].[Setting] ([Id], [Name], [Value], [StoreId]) VALUES (149, N'catalogsettings.allowanonymoususerstoemailafriend', N'False', 0)
INSERT [dbo].[Setting] ([Id], [Name], [Value], [StoreId]) VALUES (150, N'catalogsettings.recentlyviewedproductsnumber', N'3', 0)
INSERT [dbo].[Setting] ([Id], [Name], [Value], [StoreId]) VALUES (151, N'catalogsettings.recentlyviewedproductsenabled', N'True', 0)
INSERT [dbo].[Setting] ([Id], [Name], [Value], [StoreId]) VALUES (152, N'catalogsettings.newproductsnumber', N'6', 0)
INSERT [dbo].[Setting] ([Id], [Name], [Value], [StoreId]) VALUES (153, N'catalogsettings.newproductsenabled', N'True', 0)
INSERT [dbo].[Setting] ([Id], [Name], [Value], [StoreId]) VALUES (154, N'catalogsettings.compareproductsenabled', N'True', 0)
INSERT [dbo].[Setting] ([Id], [Name], [Value], [StoreId]) VALUES (155, N'catalogsettings.compareproductsnumber', N'4', 0)
INSERT [dbo].[Setting] ([Id], [Name], [Value], [StoreId]) VALUES (156, N'catalogsettings.productsearchautocompleteenabled', N'True', 0)
INSERT [dbo].[Setting] ([Id], [Name], [Value], [StoreId]) VALUES (157, N'catalogsettings.productsearchautocompletenumberofproducts', N'10', 0)
INSERT [dbo].[Setting] ([Id], [Name], [Value], [StoreId]) VALUES (158, N'catalogsettings.showproductimagesinsearchautocomplete', N'False', 0)
INSERT [dbo].[Setting] ([Id], [Name], [Value], [StoreId]) VALUES (159, N'catalogsettings.productsearchtermminimumlength', N'3', 0)
INSERT [dbo].[Setting] ([Id], [Name], [Value], [StoreId]) VALUES (160, N'catalogsettings.showbestsellersonhomepage', N'False', 0)
INSERT [dbo].[Setting] ([Id], [Name], [Value], [StoreId]) VALUES (161, N'catalogsettings.numberofbestsellersonhomepage', N'4', 0)
INSERT [dbo].[Setting] ([Id], [Name], [Value], [StoreId]) VALUES (162, N'catalogsettings.searchpageproductsperpage', N'6', 0)
INSERT [dbo].[Setting] ([Id], [Name], [Value], [StoreId]) VALUES (163, N'catalogsettings.searchpageallowcustomerstoselectpagesize', N'True', 0)
INSERT [dbo].[Setting] ([Id], [Name], [Value], [StoreId]) VALUES (164, N'catalogsettings.searchpagepagesizeoptions', N'6, 3, 9, 18', 0)
INSERT [dbo].[Setting] ([Id], [Name], [Value], [StoreId]) VALUES (165, N'catalogsettings.productsalsopurchasedenabled', N'True', 0)
INSERT [dbo].[Setting] ([Id], [Name], [Value], [StoreId]) VALUES (166, N'catalogsettings.productsalsopurchasednumber', N'4', 0)
INSERT [dbo].[Setting] ([Id], [Name], [Value], [StoreId]) VALUES (167, N'catalogsettings.ajaxprocessattributechange', N'True', 0)
INSERT [dbo].[Setting] ([Id], [Name], [Value], [StoreId]) VALUES (168, N'catalogsettings.numberofproducttags', N'15', 0)
INSERT [dbo].[Setting] ([Id], [Name], [Value], [StoreId]) VALUES (169, N'catalogsettings.productsbytagpagesize', N'6', 0)
INSERT [dbo].[Setting] ([Id], [Name], [Value], [StoreId]) VALUES (170, N'catalogsettings.productsbytagallowcustomerstoselectpagesize', N'True', 0)
INSERT [dbo].[Setting] ([Id], [Name], [Value], [StoreId]) VALUES (171, N'catalogsettings.productsbytagpagesizeoptions', N'6, 3, 9, 18', 0)
INSERT [dbo].[Setting] ([Id], [Name], [Value], [StoreId]) VALUES (172, N'catalogsettings.includeshortdescriptionincompareproducts', N'False', 0)
INSERT [dbo].[Setting] ([Id], [Name], [Value], [StoreId]) VALUES (173, N'catalogsettings.includefulldescriptionincompareproducts', N'False', 0)
INSERT [dbo].[Setting] ([Id], [Name], [Value], [StoreId]) VALUES (174, N'catalogsettings.includefeaturedproductsinnormallists', N'False', 0)
INSERT [dbo].[Setting] ([Id], [Name], [Value], [StoreId]) VALUES (175, N'catalogsettings.displaytierpriceswithdiscounts', N'True', 0)
INSERT [dbo].[Setting] ([Id], [Name], [Value], [StoreId]) VALUES (176, N'catalogsettings.ignorediscounts', N'False', 0)
INSERT [dbo].[Setting] ([Id], [Name], [Value], [StoreId]) VALUES (177, N'catalogsettings.ignorefeaturedproducts', N'False', 0)
INSERT [dbo].[Setting] ([Id], [Name], [Value], [StoreId]) VALUES (178, N'catalogsettings.ignoreacl', N'True', 0)
INSERT [dbo].[Setting] ([Id], [Name], [Value], [StoreId]) VALUES (179, N'catalogsettings.ignorestorelimitations', N'True', 0)
INSERT [dbo].[Setting] ([Id], [Name], [Value], [StoreId]) VALUES (180, N'catalogsettings.cacheproductprices', N'False', 0)
INSERT [dbo].[Setting] ([Id], [Name], [Value], [StoreId]) VALUES (181, N'catalogsettings.maximumbackinstocksubscriptions', N'200', 0)
INSERT [dbo].[Setting] ([Id], [Name], [Value], [StoreId]) VALUES (182, N'catalogsettings.manufacturersblockitemstodisplay', N'2', 0)
INSERT [dbo].[Setting] ([Id], [Name], [Value], [StoreId]) VALUES (183, N'catalogsettings.displaytaxshippinginfofooter', N'False', 0)
INSERT [dbo].[Setting] ([Id], [Name], [Value], [StoreId]) VALUES (184, N'catalogsettings.displaytaxshippinginfoproductdetailspage', N'False', 0)
INSERT [dbo].[Setting] ([Id], [Name], [Value], [StoreId]) VALUES (185, N'catalogsettings.displaytaxshippinginfoproductboxes', N'False', 0)
INSERT [dbo].[Setting] ([Id], [Name], [Value], [StoreId]) VALUES (186, N'catalogsettings.displaytaxshippinginfoshoppingcart', N'False', 0)
INSERT [dbo].[Setting] ([Id], [Name], [Value], [StoreId]) VALUES (187, N'catalogsettings.displaytaxshippinginfowishlist', N'False', 0)
INSERT [dbo].[Setting] ([Id], [Name], [Value], [StoreId]) VALUES (188, N'catalogsettings.displaytaxshippinginfoorderdetailspage', N'False', 0)
INSERT [dbo].[Setting] ([Id], [Name], [Value], [StoreId]) VALUES (189, N'catalogsettings.defaultcategorypagesizeoptions', N'6, 3, 9', 0)
INSERT [dbo].[Setting] ([Id], [Name], [Value], [StoreId]) VALUES (190, N'catalogsettings.defaultcategorypagesize', N'6', 0)
INSERT [dbo].[Setting] ([Id], [Name], [Value], [StoreId]) VALUES (191, N'catalogsettings.defaultmanufacturerpagesizeoptions', N'6, 3, 9', 0)
INSERT [dbo].[Setting] ([Id], [Name], [Value], [StoreId]) VALUES (192, N'catalogsettings.defaultmanufacturerpagesize', N'6', 0)
INSERT [dbo].[Setting] ([Id], [Name], [Value], [StoreId]) VALUES (193, N'catalogsettings.productsortingenumdisabled', N'', 0)
INSERT [dbo].[Setting] ([Id], [Name], [Value], [StoreId]) VALUES (194, N'catalogsettings.productsortingenumdisplayorder', N'', 0)
INSERT [dbo].[Setting] ([Id], [Name], [Value], [StoreId]) VALUES (195, N'catalogsettings.exportimportproductattributes', N'True', 0)
INSERT [dbo].[Setting] ([Id], [Name], [Value], [StoreId]) VALUES (196, N'catalogsettings.exportimportproductspecificationattributes', N'True', 0)
INSERT [dbo].[Setting] ([Id], [Name], [Value], [StoreId]) VALUES (197, N'catalogsettings.exportimportusedropdownlistsforassociatedentities', N'True', 0)
INSERT [dbo].[Setting] ([Id], [Name], [Value], [StoreId]) VALUES (198, N'catalogsettings.exportimportproductcategorybreadcrumb', N'False', 0)
INSERT [dbo].[Setting] ([Id], [Name], [Value], [StoreId]) VALUES (199, N'catalogsettings.exportimportcategoriesusingcategoryname', N'False', 0)
INSERT [dbo].[Setting] ([Id], [Name], [Value], [StoreId]) VALUES (200, N'localizationsettings.defaultadminlanguageid', N'1', 0)
INSERT [dbo].[Setting] ([Id], [Name], [Value], [StoreId]) VALUES (201, N'localizationsettings.useimagesforlanguageselection', N'False', 0)
INSERT [dbo].[Setting] ([Id], [Name], [Value], [StoreId]) VALUES (202, N'localizationsettings.seofriendlyurlsforlanguagesenabled', N'False', 0)
INSERT [dbo].[Setting] ([Id], [Name], [Value], [StoreId]) VALUES (203, N'localizationsettings.automaticallydetectlanguage', N'False', 0)
INSERT [dbo].[Setting] ([Id], [Name], [Value], [StoreId]) VALUES (204, N'localizationsettings.loadalllocalerecordsonstartup', N'True', 0)
INSERT [dbo].[Setting] ([Id], [Name], [Value], [StoreId]) VALUES (205, N'localizationsettings.loadalllocalizedpropertiesonstartup', N'True', 0)
INSERT [dbo].[Setting] ([Id], [Name], [Value], [StoreId]) VALUES (206, N'localizationsettings.loadallurlrecordsonstartup', N'False', 0)
INSERT [dbo].[Setting] ([Id], [Name], [Value], [StoreId]) VALUES (207, N'localizationsettings.ignorertlpropertyforadminarea', N'False', 0)
INSERT [dbo].[Setting] ([Id], [Name], [Value], [StoreId]) VALUES (208, N'customersettings.usernamesenabled', N'False', 0)
INSERT [dbo].[Setting] ([Id], [Name], [Value], [StoreId]) VALUES (209, N'customersettings.checkusernameavailabilityenabled', N'False', 0)
INSERT [dbo].[Setting] ([Id], [Name], [Value], [StoreId]) VALUES (210, N'customersettings.allowuserstochangeusernames', N'False', 0)
INSERT [dbo].[Setting] ([Id], [Name], [Value], [StoreId]) VALUES (211, N'customersettings.defaultpasswordformat', N'Hashed', 0)
INSERT [dbo].[Setting] ([Id], [Name], [Value], [StoreId]) VALUES (212, N'customersettings.hashedpasswordformat', N'SHA512', 0)
INSERT [dbo].[Setting] ([Id], [Name], [Value], [StoreId]) VALUES (213, N'customersettings.passwordminlength', N'6', 0)
INSERT [dbo].[Setting] ([Id], [Name], [Value], [StoreId]) VALUES (214, N'customersettings.unduplicatedpasswordsnumber', N'4', 0)
INSERT [dbo].[Setting] ([Id], [Name], [Value], [StoreId]) VALUES (215, N'customersettings.passwordrecoverylinkdaysvalid', N'7', 0)
INSERT [dbo].[Setting] ([Id], [Name], [Value], [StoreId]) VALUES (216, N'customersettings.passwordlifetime', N'90', 0)
INSERT [dbo].[Setting] ([Id], [Name], [Value], [StoreId]) VALUES (217, N'customersettings.failedpasswordallowedattempts', N'0', 0)
INSERT [dbo].[Setting] ([Id], [Name], [Value], [StoreId]) VALUES (218, N'customersettings.failedpasswordlockoutminutes', N'30', 0)
INSERT [dbo].[Setting] ([Id], [Name], [Value], [StoreId]) VALUES (219, N'customersettings.userregistrationtype', N'Standard', 0)
INSERT [dbo].[Setting] ([Id], [Name], [Value], [StoreId]) VALUES (220, N'customersettings.allowcustomerstouploadavatars', N'False', 0)
INSERT [dbo].[Setting] ([Id], [Name], [Value], [StoreId]) VALUES (221, N'customersettings.avatarmaximumsizebytes', N'20000', 0)
INSERT [dbo].[Setting] ([Id], [Name], [Value], [StoreId]) VALUES (222, N'customersettings.defaultavatarenabled', N'True', 0)
INSERT [dbo].[Setting] ([Id], [Name], [Value], [StoreId]) VALUES (223, N'customersettings.showcustomerslocation', N'False', 0)
INSERT [dbo].[Setting] ([Id], [Name], [Value], [StoreId]) VALUES (224, N'customersettings.showcustomersjoindate', N'False', 0)
INSERT [dbo].[Setting] ([Id], [Name], [Value], [StoreId]) VALUES (225, N'customersettings.allowviewingprofiles', N'False', 0)
INSERT [dbo].[Setting] ([Id], [Name], [Value], [StoreId]) VALUES (226, N'customersettings.notifynewcustomerregistration', N'False', 0)
INSERT [dbo].[Setting] ([Id], [Name], [Value], [StoreId]) VALUES (227, N'customersettings.hidedownloadableproductstab', N'False', 0)
INSERT [dbo].[Setting] ([Id], [Name], [Value], [StoreId]) VALUES (228, N'customersettings.hidebackinstocksubscriptionstab', N'False', 0)
INSERT [dbo].[Setting] ([Id], [Name], [Value], [StoreId]) VALUES (229, N'customersettings.downloadableproductsvalidateuser', N'False', 0)
INSERT [dbo].[Setting] ([Id], [Name], [Value], [StoreId]) VALUES (230, N'customersettings.customernameformat', N'ShowFirstName', 0)
INSERT [dbo].[Setting] ([Id], [Name], [Value], [StoreId]) VALUES (231, N'customersettings.newsletterenabled', N'True', 0)
INSERT [dbo].[Setting] ([Id], [Name], [Value], [StoreId]) VALUES (232, N'customersettings.newslettertickedbydefault', N'True', 0)
INSERT [dbo].[Setting] ([Id], [Name], [Value], [StoreId]) VALUES (233, N'customersettings.hidenewsletterblock', N'False', 0)
INSERT [dbo].[Setting] ([Id], [Name], [Value], [StoreId]) VALUES (234, N'customersettings.newsletterblockallowtounsubscribe', N'False', 0)
INSERT [dbo].[Setting] ([Id], [Name], [Value], [StoreId]) VALUES (235, N'customersettings.onlinecustomerminutes', N'20', 0)
INSERT [dbo].[Setting] ([Id], [Name], [Value], [StoreId]) VALUES (236, N'customersettings.storelastvisitedpage', N'False', 0)
INSERT [dbo].[Setting] ([Id], [Name], [Value], [StoreId]) VALUES (237, N'customersettings.storeipaddresses', N'True', 0)
INSERT [dbo].[Setting] ([Id], [Name], [Value], [StoreId]) VALUES (238, N'customersettings.suffixdeletedcustomers', N'False', 0)
INSERT [dbo].[Setting] ([Id], [Name], [Value], [StoreId]) VALUES (239, N'customersettings.enteringemailtwice', N'False', 0)
INSERT [dbo].[Setting] ([Id], [Name], [Value], [StoreId]) VALUES (240, N'customersettings.requireregistrationfordownloadableproducts', N'False', 0)
INSERT [dbo].[Setting] ([Id], [Name], [Value], [StoreId]) VALUES (241, N'customersettings.deleteguesttaskolderthanminutes', N'1440', 0)
INSERT [dbo].[Setting] ([Id], [Name], [Value], [StoreId]) VALUES (242, N'customersettings.genderenabled', N'True', 0)
INSERT [dbo].[Setting] ([Id], [Name], [Value], [StoreId]) VALUES (243, N'customersettings.dateofbirthenabled', N'True', 0)
INSERT [dbo].[Setting] ([Id], [Name], [Value], [StoreId]) VALUES (244, N'customersettings.dateofbirthrequired', N'False', 0)
INSERT [dbo].[Setting] ([Id], [Name], [Value], [StoreId]) VALUES (245, N'customersettings.dateofbirthminimumage', N'', 0)
INSERT [dbo].[Setting] ([Id], [Name], [Value], [StoreId]) VALUES (246, N'customersettings.companyenabled', N'True', 0)
INSERT [dbo].[Setting] ([Id], [Name], [Value], [StoreId]) VALUES (247, N'customersettings.companyrequired', N'False', 0)
INSERT [dbo].[Setting] ([Id], [Name], [Value], [StoreId]) VALUES (248, N'customersettings.streetaddressenabled', N'False', 0)
INSERT [dbo].[Setting] ([Id], [Name], [Value], [StoreId]) VALUES (249, N'customersettings.streetaddressrequired', N'False', 0)
INSERT [dbo].[Setting] ([Id], [Name], [Value], [StoreId]) VALUES (250, N'customersettings.streetaddress2enabled', N'False', 0)
INSERT [dbo].[Setting] ([Id], [Name], [Value], [StoreId]) VALUES (251, N'customersettings.streetaddress2required', N'False', 0)
INSERT [dbo].[Setting] ([Id], [Name], [Value], [StoreId]) VALUES (252, N'customersettings.zippostalcodeenabled', N'False', 0)
INSERT [dbo].[Setting] ([Id], [Name], [Value], [StoreId]) VALUES (253, N'customersettings.zippostalcoderequired', N'False', 0)
INSERT [dbo].[Setting] ([Id], [Name], [Value], [StoreId]) VALUES (254, N'customersettings.cityenabled', N'False', 0)
INSERT [dbo].[Setting] ([Id], [Name], [Value], [StoreId]) VALUES (255, N'customersettings.cityrequired', N'False', 0)
INSERT [dbo].[Setting] ([Id], [Name], [Value], [StoreId]) VALUES (256, N'customersettings.countryenabled', N'False', 0)
INSERT [dbo].[Setting] ([Id], [Name], [Value], [StoreId]) VALUES (257, N'customersettings.countryrequired', N'False', 0)
INSERT [dbo].[Setting] ([Id], [Name], [Value], [StoreId]) VALUES (258, N'customersettings.stateprovinceenabled', N'False', 0)
INSERT [dbo].[Setting] ([Id], [Name], [Value], [StoreId]) VALUES (259, N'customersettings.stateprovincerequired', N'False', 0)
INSERT [dbo].[Setting] ([Id], [Name], [Value], [StoreId]) VALUES (260, N'customersettings.phoneenabled', N'False', 0)
INSERT [dbo].[Setting] ([Id], [Name], [Value], [StoreId]) VALUES (261, N'customersettings.phonerequired', N'False', 0)
INSERT [dbo].[Setting] ([Id], [Name], [Value], [StoreId]) VALUES (262, N'customersettings.faxenabled', N'False', 0)
INSERT [dbo].[Setting] ([Id], [Name], [Value], [StoreId]) VALUES (263, N'customersettings.faxrequired', N'False', 0)
INSERT [dbo].[Setting] ([Id], [Name], [Value], [StoreId]) VALUES (264, N'customersettings.acceptprivacypolicyenabled', N'False', 0)
INSERT [dbo].[Setting] ([Id], [Name], [Value], [StoreId]) VALUES (265, N'addresssettings.companyenabled', N'True', 0)
INSERT [dbo].[Setting] ([Id], [Name], [Value], [StoreId]) VALUES (266, N'addresssettings.companyrequired', N'False', 0)
INSERT [dbo].[Setting] ([Id], [Name], [Value], [StoreId]) VALUES (267, N'addresssettings.streetaddressenabled', N'True', 0)
INSERT [dbo].[Setting] ([Id], [Name], [Value], [StoreId]) VALUES (268, N'addresssettings.streetaddressrequired', N'True', 0)
INSERT [dbo].[Setting] ([Id], [Name], [Value], [StoreId]) VALUES (269, N'addresssettings.streetaddress2enabled', N'True', 0)
INSERT [dbo].[Setting] ([Id], [Name], [Value], [StoreId]) VALUES (270, N'addresssettings.streetaddress2required', N'False', 0)
INSERT [dbo].[Setting] ([Id], [Name], [Value], [StoreId]) VALUES (271, N'addresssettings.zippostalcodeenabled', N'True', 0)
INSERT [dbo].[Setting] ([Id], [Name], [Value], [StoreId]) VALUES (272, N'addresssettings.zippostalcoderequired', N'True', 0)
INSERT [dbo].[Setting] ([Id], [Name], [Value], [StoreId]) VALUES (273, N'addresssettings.cityenabled', N'True', 0)
INSERT [dbo].[Setting] ([Id], [Name], [Value], [StoreId]) VALUES (274, N'addresssettings.cityrequired', N'True', 0)
INSERT [dbo].[Setting] ([Id], [Name], [Value], [StoreId]) VALUES (275, N'addresssettings.countryenabled', N'True', 0)
INSERT [dbo].[Setting] ([Id], [Name], [Value], [StoreId]) VALUES (276, N'addresssettings.stateprovinceenabled', N'True', 0)
INSERT [dbo].[Setting] ([Id], [Name], [Value], [StoreId]) VALUES (277, N'addresssettings.phoneenabled', N'True', 0)
INSERT [dbo].[Setting] ([Id], [Name], [Value], [StoreId]) VALUES (278, N'addresssettings.phonerequired', N'True', 0)
INSERT [dbo].[Setting] ([Id], [Name], [Value], [StoreId]) VALUES (279, N'addresssettings.faxenabled', N'True', 0)
INSERT [dbo].[Setting] ([Id], [Name], [Value], [StoreId]) VALUES (280, N'addresssettings.faxrequired', N'False', 0)
INSERT [dbo].[Setting] ([Id], [Name], [Value], [StoreId]) VALUES (281, N'mediasettings.avatarpicturesize', N'120', 0)
INSERT [dbo].[Setting] ([Id], [Name], [Value], [StoreId]) VALUES (282, N'mediasettings.productthumbpicturesize', N'415', 0)
INSERT [dbo].[Setting] ([Id], [Name], [Value], [StoreId]) VALUES (283, N'mediasettings.productdetailspicturesize', N'550', 0)
INSERT [dbo].[Setting] ([Id], [Name], [Value], [StoreId]) VALUES (284, N'mediasettings.productthumbpicturesizeonproductdetailspage', N'100', 0)
INSERT [dbo].[Setting] ([Id], [Name], [Value], [StoreId]) VALUES (285, N'mediasettings.associatedproductpicturesize', N'220', 0)
INSERT [dbo].[Setting] ([Id], [Name], [Value], [StoreId]) VALUES (286, N'mediasettings.categorythumbpicturesize', N'450', 0)
INSERT [dbo].[Setting] ([Id], [Name], [Value], [StoreId]) VALUES (287, N'mediasettings.manufacturerthumbpicturesize', N'420', 0)
INSERT [dbo].[Setting] ([Id], [Name], [Value], [StoreId]) VALUES (288, N'mediasettings.vendorthumbpicturesize', N'450', 0)
INSERT [dbo].[Setting] ([Id], [Name], [Value], [StoreId]) VALUES (289, N'mediasettings.cartthumbpicturesize', N'80', 0)
INSERT [dbo].[Setting] ([Id], [Name], [Value], [StoreId]) VALUES (290, N'mediasettings.minicartthumbpicturesize', N'70', 0)
INSERT [dbo].[Setting] ([Id], [Name], [Value], [StoreId]) VALUES (291, N'mediasettings.autocompletesearchthumbpicturesize', N'20', 0)
INSERT [dbo].[Setting] ([Id], [Name], [Value], [StoreId]) VALUES (292, N'mediasettings.imagesquarepicturesize', N'32', 0)
INSERT [dbo].[Setting] ([Id], [Name], [Value], [StoreId]) VALUES (293, N'mediasettings.defaultpicturezoomenabled', N'False', 0)
INSERT [dbo].[Setting] ([Id], [Name], [Value], [StoreId]) VALUES (294, N'mediasettings.maximumimagesize', N'1980', 0)
INSERT [dbo].[Setting] ([Id], [Name], [Value], [StoreId]) VALUES (295, N'mediasettings.defaultimagequality', N'80', 0)
INSERT [dbo].[Setting] ([Id], [Name], [Value], [StoreId]) VALUES (296, N'mediasettings.multiplethumbdirectories', N'False', 0)
INSERT [dbo].[Setting] ([Id], [Name], [Value], [StoreId]) VALUES (297, N'mediasettings.importproductimagesusinghash', N'True', 0)
INSERT [dbo].[Setting] ([Id], [Name], [Value], [StoreId]) VALUES (298, N'mediasettings.azurecachecontrolheader', N'', 0)
INSERT [dbo].[Setting] ([Id], [Name], [Value], [StoreId]) VALUES (299, N'storeinformationsettings.hidepoweredbygamecommerce', N'False', 0)
INSERT [dbo].[Setting] ([Id], [Name], [Value], [StoreId]) VALUES (300, N'storeinformationsettings.storeclosed', N'False', 0)
INSERT [dbo].[Setting] ([Id], [Name], [Value], [StoreId]) VALUES (301, N'storeinformationsettings.logopictureid', N'0', 0)
INSERT [dbo].[Setting] ([Id], [Name], [Value], [StoreId]) VALUES (302, N'storeinformationsettings.defaultstoretheme', N'DefaultClean', 0)
INSERT [dbo].[Setting] ([Id], [Name], [Value], [StoreId]) VALUES (303, N'storeinformationsettings.allowcustomertoselecttheme', N'False', 0)
INSERT [dbo].[Setting] ([Id], [Name], [Value], [StoreId]) VALUES (304, N'storeinformationsettings.displayminiprofilerinpublicstore', N'False', 0)
INSERT [dbo].[Setting] ([Id], [Name], [Value], [StoreId]) VALUES (305, N'storeinformationsettings.displayminiprofilerforadminonly', N'False', 0)
INSERT [dbo].[Setting] ([Id], [Name], [Value], [StoreId]) VALUES (306, N'storeinformationsettings.displayeucookielawwarning', N'False', 0)
INSERT [dbo].[Setting] ([Id], [Name], [Value], [StoreId]) VALUES (307, N'storeinformationsettings.facebooklink', N'http://www.facebook.com/gameCommerce', 0)
INSERT [dbo].[Setting] ([Id], [Name], [Value], [StoreId]) VALUES (308, N'storeinformationsettings.twitterlink', N'https://twitter.com/gameCommerce', 0)
INSERT [dbo].[Setting] ([Id], [Name], [Value], [StoreId]) VALUES (309, N'storeinformationsettings.youtubelink', N'http://www.youtube.com/user/gameCommerce', 0)
INSERT [dbo].[Setting] ([Id], [Name], [Value], [StoreId]) VALUES (310, N'storeinformationsettings.googlepluslink', N'https://plus.google.com/+gamecommerce', 0)
INSERT [dbo].[Setting] ([Id], [Name], [Value], [StoreId]) VALUES (311, N'externalauthenticationsettings.requireemailvalidation', N'False', 0)
INSERT [dbo].[Setting] ([Id], [Name], [Value], [StoreId]) VALUES (312, N'externalauthenticationsettings.allowcustomerstoremoveassociations', N'True', 0)
INSERT [dbo].[Setting] ([Id], [Name], [Value], [StoreId]) VALUES (313, N'externalauthenticationsettings.activeauthenticationmethodsystemnames', N'', 0)
INSERT [dbo].[Setting] ([Id], [Name], [Value], [StoreId]) VALUES (314, N'rewardpointssettings.enabled', N'True', 0)
INSERT [dbo].[Setting] ([Id], [Name], [Value], [StoreId]) VALUES (315, N'rewardpointssettings.exchangerate', N'1', 0)
INSERT [dbo].[Setting] ([Id], [Name], [Value], [StoreId]) VALUES (316, N'rewardpointssettings.minimumrewardpointstouse', N'0', 0)
INSERT [dbo].[Setting] ([Id], [Name], [Value], [StoreId]) VALUES (317, N'rewardpointssettings.pointsforregistration', N'0', 0)
INSERT [dbo].[Setting] ([Id], [Name], [Value], [StoreId]) VALUES (318, N'rewardpointssettings.pointsforpurchases_amount', N'10', 0)
INSERT [dbo].[Setting] ([Id], [Name], [Value], [StoreId]) VALUES (319, N'rewardpointssettings.pointsforpurchases_points', N'1', 0)
INSERT [dbo].[Setting] ([Id], [Name], [Value], [StoreId]) VALUES (320, N'rewardpointssettings.activationdelay', N'0', 0)
INSERT [dbo].[Setting] ([Id], [Name], [Value], [StoreId]) VALUES (321, N'rewardpointssettings.activationdelayperiodid', N'0', 0)
INSERT [dbo].[Setting] ([Id], [Name], [Value], [StoreId]) VALUES (322, N'rewardpointssettings.displayhowmuchwillbeearned', N'True', 0)
INSERT [dbo].[Setting] ([Id], [Name], [Value], [StoreId]) VALUES (323, N'rewardpointssettings.pointsaccumulatedforallstores', N'True', 0)
INSERT [dbo].[Setting] ([Id], [Name], [Value], [StoreId]) VALUES (324, N'rewardpointssettings.pagesize', N'10', 0)
INSERT [dbo].[Setting] ([Id], [Name], [Value], [StoreId]) VALUES (325, N'currencysettings.displaycurrencylabel', N'False', 0)
INSERT [dbo].[Setting] ([Id], [Name], [Value], [StoreId]) VALUES (326, N'currencysettings.primarystorecurrencyid', N'1', 0)
INSERT [dbo].[Setting] ([Id], [Name], [Value], [StoreId]) VALUES (327, N'currencysettings.primaryexchangeratecurrencyid', N'1', 0)
INSERT [dbo].[Setting] ([Id], [Name], [Value], [StoreId]) VALUES (328, N'currencysettings.activeexchangerateprovidersystemname', N'CurrencyExchange.MoneyConverter', 0)
INSERT [dbo].[Setting] ([Id], [Name], [Value], [StoreId]) VALUES (329, N'currencysettings.autoupdateenabled', N'False', 0)
INSERT [dbo].[Setting] ([Id], [Name], [Value], [StoreId]) VALUES (330, N'measuresettings.basedimensionid', N'1', 0)
INSERT [dbo].[Setting] ([Id], [Name], [Value], [StoreId]) VALUES (331, N'measuresettings.baseweightid', N'2', 0)
INSERT [dbo].[Setting] ([Id], [Name], [Value], [StoreId]) VALUES (332, N'messagetemplatessettings.caseinvariantreplacement', N'False', 0)
INSERT [dbo].[Setting] ([Id], [Name], [Value], [StoreId]) VALUES (333, N'messagetemplatessettings.color1', N'#b9babe', 0)
INSERT [dbo].[Setting] ([Id], [Name], [Value], [StoreId]) VALUES (334, N'messagetemplatessettings.color2', N'#ebecee', 0)
INSERT [dbo].[Setting] ([Id], [Name], [Value], [StoreId]) VALUES (335, N'messagetemplatessettings.color3', N'#dde2e6', 0)
INSERT [dbo].[Setting] ([Id], [Name], [Value], [StoreId]) VALUES (336, N'shoppingcartsettings.displaycartafteraddingproduct', N'False', 0)
INSERT [dbo].[Setting] ([Id], [Name], [Value], [StoreId]) VALUES (337, N'shoppingcartsettings.displaywishlistafteraddingproduct', N'False', 0)
INSERT [dbo].[Setting] ([Id], [Name], [Value], [StoreId]) VALUES (338, N'shoppingcartsettings.maximumshoppingcartitems', N'1000', 0)
INSERT [dbo].[Setting] ([Id], [Name], [Value], [StoreId]) VALUES (339, N'shoppingcartsettings.maximumwishlistitems', N'1000', 0)
INSERT [dbo].[Setting] ([Id], [Name], [Value], [StoreId]) VALUES (340, N'shoppingcartsettings.allowoutofstockitemstobeaddedtowishlist', N'False', 0)
INSERT [dbo].[Setting] ([Id], [Name], [Value], [StoreId]) VALUES (341, N'shoppingcartsettings.moveitemsfromwishlisttocart', N'True', 0)
INSERT [dbo].[Setting] ([Id], [Name], [Value], [StoreId]) VALUES (342, N'shoppingcartsettings.cartssharedbetweenstores', N'False', 0)
INSERT [dbo].[Setting] ([Id], [Name], [Value], [StoreId]) VALUES (343, N'shoppingcartsettings.showproductimagesonshoppingcart', N'True', 0)
INSERT [dbo].[Setting] ([Id], [Name], [Value], [StoreId]) VALUES (344, N'shoppingcartsettings.showproductimagesonwishlist', N'True', 0)
INSERT [dbo].[Setting] ([Id], [Name], [Value], [StoreId]) VALUES (345, N'shoppingcartsettings.showdiscountbox', N'True', 0)
INSERT [dbo].[Setting] ([Id], [Name], [Value], [StoreId]) VALUES (346, N'shoppingcartsettings.showgiftcardbox', N'True', 0)
INSERT [dbo].[Setting] ([Id], [Name], [Value], [StoreId]) VALUES (347, N'shoppingcartsettings.crosssellsnumber', N'4', 0)
INSERT [dbo].[Setting] ([Id], [Name], [Value], [StoreId]) VALUES (348, N'shoppingcartsettings.emailwishlistenabled', N'True', 0)
INSERT [dbo].[Setting] ([Id], [Name], [Value], [StoreId]) VALUES (349, N'shoppingcartsettings.allowanonymoususerstoemailwishlist', N'False', 0)
INSERT [dbo].[Setting] ([Id], [Name], [Value], [StoreId]) VALUES (350, N'shoppingcartsettings.minishoppingcartenabled', N'True', 0)
INSERT [dbo].[Setting] ([Id], [Name], [Value], [StoreId]) VALUES (351, N'shoppingcartsettings.showproductimagesinminishoppingcart', N'True', 0)
INSERT [dbo].[Setting] ([Id], [Name], [Value], [StoreId]) VALUES (352, N'shoppingcartsettings.minishoppingcartproductnumber', N'5', 0)
INSERT [dbo].[Setting] ([Id], [Name], [Value], [StoreId]) VALUES (353, N'shoppingcartsettings.roundpricesduringcalculation', N'True', 0)
INSERT [dbo].[Setting] ([Id], [Name], [Value], [StoreId]) VALUES (354, N'shoppingcartsettings.grouptierpricesfordistinctshoppingcartitems', N'False', 0)
INSERT [dbo].[Setting] ([Id], [Name], [Value], [StoreId]) VALUES (355, N'shoppingcartsettings.allowcartitemediting', N'True', 0)
INSERT [dbo].[Setting] ([Id], [Name], [Value], [StoreId]) VALUES (356, N'shoppingcartsettings.renderassociatedattributevaluequantity', N'True', 0)
INSERT [dbo].[Setting] ([Id], [Name], [Value], [StoreId]) VALUES (357, N'ordersettings.isreorderallowed', N'True', 0)
INSERT [dbo].[Setting] ([Id], [Name], [Value], [StoreId]) VALUES (358, N'ordersettings.minordersubtotalamount', N'0', 0)
INSERT [dbo].[Setting] ([Id], [Name], [Value], [StoreId]) VALUES (359, N'ordersettings.minordersubtotalamountincludingtax', N'False', 0)
INSERT [dbo].[Setting] ([Id], [Name], [Value], [StoreId]) VALUES (360, N'ordersettings.minordertotalamount', N'0', 0)
INSERT [dbo].[Setting] ([Id], [Name], [Value], [StoreId]) VALUES (361, N'ordersettings.autoupdateordertotalsoneditingorder', N'False', 0)
INSERT [dbo].[Setting] ([Id], [Name], [Value], [StoreId]) VALUES (362, N'ordersettings.anonymouscheckoutallowed', N'True', 0)
INSERT [dbo].[Setting] ([Id], [Name], [Value], [StoreId]) VALUES (363, N'ordersettings.termsofserviceonshoppingcartpage', N'True', 0)
INSERT [dbo].[Setting] ([Id], [Name], [Value], [StoreId]) VALUES (364, N'ordersettings.termsofserviceonorderconfirmpage', N'False', 0)
INSERT [dbo].[Setting] ([Id], [Name], [Value], [StoreId]) VALUES (365, N'ordersettings.onepagecheckoutenabled', N'True', 0)
INSERT [dbo].[Setting] ([Id], [Name], [Value], [StoreId]) VALUES (366, N'ordersettings.onepagecheckoutdisplayordertotalsonpaymentinfotab', N'False', 0)
INSERT [dbo].[Setting] ([Id], [Name], [Value], [StoreId]) VALUES (367, N'ordersettings.disablebillingaddresscheckoutstep', N'False', 0)
INSERT [dbo].[Setting] ([Id], [Name], [Value], [StoreId]) VALUES (368, N'ordersettings.disableordercompletedpage', N'False', 0)
INSERT [dbo].[Setting] ([Id], [Name], [Value], [StoreId]) VALUES (369, N'ordersettings.attachpdfinvoicetoorderplacedemail', N'False', 0)
INSERT [dbo].[Setting] ([Id], [Name], [Value], [StoreId]) VALUES (370, N'ordersettings.attachpdfinvoicetoorderpaidemail', N'False', 0)
INSERT [dbo].[Setting] ([Id], [Name], [Value], [StoreId]) VALUES (371, N'ordersettings.attachpdfinvoicetoordercompletedemail', N'False', 0)
INSERT [dbo].[Setting] ([Id], [Name], [Value], [StoreId]) VALUES (372, N'ordersettings.generatepdfinvoiceincustomerlanguage', N'True', 0)
INSERT [dbo].[Setting] ([Id], [Name], [Value], [StoreId]) VALUES (373, N'ordersettings.returnrequestsenabled', N'True', 0)
INSERT [dbo].[Setting] ([Id], [Name], [Value], [StoreId]) VALUES (374, N'ordersettings.returnrequestsallowfiles', N'False', 0)
INSERT [dbo].[Setting] ([Id], [Name], [Value], [StoreId]) VALUES (375, N'ordersettings.returnrequestsfilemaximumsize', N'2048', 0)
INSERT [dbo].[Setting] ([Id], [Name], [Value], [StoreId]) VALUES (376, N'ordersettings.returnrequestnumbermask', N'{ID}', 0)
INSERT [dbo].[Setting] ([Id], [Name], [Value], [StoreId]) VALUES (377, N'ordersettings.numberofdaysreturnrequestavailable', N'365', 0)
INSERT [dbo].[Setting] ([Id], [Name], [Value], [StoreId]) VALUES (378, N'ordersettings.activategiftcardsaftercompletingorder', N'False', 0)
INSERT [dbo].[Setting] ([Id], [Name], [Value], [StoreId]) VALUES (379, N'ordersettings.deactivategiftcardsaftercancellingorder', N'False', 0)
INSERT [dbo].[Setting] ([Id], [Name], [Value], [StoreId]) VALUES (380, N'ordersettings.deactivategiftcardsafterdeletingorder', N'False', 0)
INSERT [dbo].[Setting] ([Id], [Name], [Value], [StoreId]) VALUES (381, N'ordersettings.minimumorderplacementinterval', N'30', 0)
INSERT [dbo].[Setting] ([Id], [Name], [Value], [StoreId]) VALUES (382, N'ordersettings.completeorderwhendelivered', N'True', 0)
INSERT [dbo].[Setting] ([Id], [Name], [Value], [StoreId]) VALUES (383, N'ordersettings.customordernumbermask', N'{ID}', 0)
INSERT [dbo].[Setting] ([Id], [Name], [Value], [StoreId]) VALUES (384, N'ordersettings.exportwithproducts', N'True', 0)
INSERT [dbo].[Setting] ([Id], [Name], [Value], [StoreId]) VALUES (385, N'ordersettings.allowadminstobuycallforpriceproducts', N'True', 0)
INSERT [dbo].[Setting] ([Id], [Name], [Value], [StoreId]) VALUES (386, N'securitysettings.forcesslforallpages', N'True', 0)
INSERT [dbo].[Setting] ([Id], [Name], [Value], [StoreId]) VALUES (387, N'securitysettings.encryptionkey', N'9546746056383044', 0)
INSERT [dbo].[Setting] ([Id], [Name], [Value], [StoreId]) VALUES (388, N'securitysettings.adminareaallowedipaddresses', N'', 0)
INSERT [dbo].[Setting] ([Id], [Name], [Value], [StoreId]) VALUES (389, N'securitysettings.enablexsrfprotectionforadminarea', N'True', 0)
INSERT [dbo].[Setting] ([Id], [Name], [Value], [StoreId]) VALUES (390, N'securitysettings.enablexsrfprotectionforpublicstore', N'True', 0)
INSERT [dbo].[Setting] ([Id], [Name], [Value], [StoreId]) VALUES (391, N'securitysettings.honeypotenabled', N'False', 0)
INSERT [dbo].[Setting] ([Id], [Name], [Value], [StoreId]) VALUES (392, N'securitysettings.honeypotinputname', N'hpinput', 0)
INSERT [dbo].[Setting] ([Id], [Name], [Value], [StoreId]) VALUES (393, N'shippingsettings.activeshippingratecomputationmethodsystemnames', N'Shipping.FixedOrByWeight', 0)
INSERT [dbo].[Setting] ([Id], [Name], [Value], [StoreId]) VALUES (394, N'shippingsettings.activepickuppointprovidersystemnames', N'Pickup.PickupInStore', 0)
INSERT [dbo].[Setting] ([Id], [Name], [Value], [StoreId]) VALUES (395, N'shippingsettings.shiptosameaddress', N'True', 0)
INSERT [dbo].[Setting] ([Id], [Name], [Value], [StoreId]) VALUES (396, N'shippingsettings.allowpickupinstore', N'True', 0)
INSERT [dbo].[Setting] ([Id], [Name], [Value], [StoreId]) VALUES (397, N'shippingsettings.displaypickuppointsonmap', N'False', 0)
INSERT [dbo].[Setting] ([Id], [Name], [Value], [StoreId]) VALUES (398, N'shippingsettings.googlemapsapikey', N'', 0)
INSERT [dbo].[Setting] ([Id], [Name], [Value], [StoreId]) VALUES (399, N'shippingsettings.usewarehouselocation', N'False', 0)
INSERT [dbo].[Setting] ([Id], [Name], [Value], [StoreId]) VALUES (400, N'shippingsettings.notifycustomeraboutshippingfrommultiplelocations', N'False', 0)
INSERT [dbo].[Setting] ([Id], [Name], [Value], [StoreId]) VALUES (401, N'shippingsettings.freeshippingoverxenabled', N'False', 0)
INSERT [dbo].[Setting] ([Id], [Name], [Value], [StoreId]) VALUES (402, N'shippingsettings.freeshippingoverxvalue', N'0', 0)
INSERT [dbo].[Setting] ([Id], [Name], [Value], [StoreId]) VALUES (403, N'shippingsettings.freeshippingoverxincludingtax', N'False', 0)
INSERT [dbo].[Setting] ([Id], [Name], [Value], [StoreId]) VALUES (404, N'shippingsettings.estimateshippingenabled', N'True', 0)
INSERT [dbo].[Setting] ([Id], [Name], [Value], [StoreId]) VALUES (405, N'shippingsettings.displayshipmenteventstocustomers', N'False', 0)
INSERT [dbo].[Setting] ([Id], [Name], [Value], [StoreId]) VALUES (406, N'shippingsettings.displayshipmenteventstostoreowner', N'False', 0)
INSERT [dbo].[Setting] ([Id], [Name], [Value], [StoreId]) VALUES (407, N'shippingsettings.hideshippingtotal', N'False', 0)
INSERT [dbo].[Setting] ([Id], [Name], [Value], [StoreId]) VALUES (408, N'shippingsettings.shippingoriginaddressid', N'0', 0)
INSERT [dbo].[Setting] ([Id], [Name], [Value], [StoreId]) VALUES (409, N'shippingsettings.returnvalidoptionsifthereareany', N'True', 0)
INSERT [dbo].[Setting] ([Id], [Name], [Value], [StoreId]) VALUES (410, N'shippingsettings.bypassshippingmethodselectionifonlyone', N'False', 0)
INSERT [dbo].[Setting] ([Id], [Name], [Value], [StoreId]) VALUES (411, N'shippingsettings.usecuberootmethod', N'True', 0)
INSERT [dbo].[Setting] ([Id], [Name], [Value], [StoreId]) VALUES (412, N'shippingsettings.considerassociatedproductsdimensions', N'True', 0)
INSERT [dbo].[Setting] ([Id], [Name], [Value], [StoreId]) VALUES (413, N'paymentsettings.activepaymentmethodsystemnames', N'Payments.CheckMoneyOrder,Payments.Manual', 0)
INSERT [dbo].[Setting] ([Id], [Name], [Value], [StoreId]) VALUES (414, N'paymentsettings.allowrepostingpayments', N'True', 0)
INSERT [dbo].[Setting] ([Id], [Name], [Value], [StoreId]) VALUES (415, N'paymentsettings.bypasspaymentmethodselectionifonlyone', N'True', 0)
INSERT [dbo].[Setting] ([Id], [Name], [Value], [StoreId]) VALUES (416, N'paymentsettings.showpaymentmethoddescriptions', N'True', 0)
INSERT [dbo].[Setting] ([Id], [Name], [Value], [StoreId]) VALUES (417, N'paymentsettings.skippaymentinfostepforredirectionpaymentmethods', N'False', 0)
INSERT [dbo].[Setting] ([Id], [Name], [Value], [StoreId]) VALUES (418, N'paymentsettings.cancelrecurringpaymentsafterfailedpayment', N'False', 0)
INSERT [dbo].[Setting] ([Id], [Name], [Value], [StoreId]) VALUES (419, N'taxsettings.taxbasedon', N'BillingAddress', 0)
INSERT [dbo].[Setting] ([Id], [Name], [Value], [StoreId]) VALUES (420, N'taxsettings.taxbasedonpickuppointaddress', N'False', 0)
INSERT [dbo].[Setting] ([Id], [Name], [Value], [StoreId]) VALUES (421, N'taxsettings.taxdisplaytype', N'ExcludingTax', 0)
INSERT [dbo].[Setting] ([Id], [Name], [Value], [StoreId]) VALUES (422, N'taxsettings.activetaxprovidersystemname', N'Tax.FixedOrByCountryStateZip', 0)
INSERT [dbo].[Setting] ([Id], [Name], [Value], [StoreId]) VALUES (423, N'taxsettings.defaulttaxaddressid', N'0', 0)
INSERT [dbo].[Setting] ([Id], [Name], [Value], [StoreId]) VALUES (424, N'taxsettings.displaytaxsuffix', N'False', 0)
INSERT [dbo].[Setting] ([Id], [Name], [Value], [StoreId]) VALUES (425, N'taxsettings.displaytaxrates', N'False', 0)
INSERT [dbo].[Setting] ([Id], [Name], [Value], [StoreId]) VALUES (426, N'taxsettings.pricesincludetax', N'False', 0)
INSERT [dbo].[Setting] ([Id], [Name], [Value], [StoreId]) VALUES (427, N'taxsettings.allowcustomerstoselecttaxdisplaytype', N'False', 0)
INSERT [dbo].[Setting] ([Id], [Name], [Value], [StoreId]) VALUES (428, N'taxsettings.hidezerotax', N'False', 0)
INSERT [dbo].[Setting] ([Id], [Name], [Value], [StoreId]) VALUES (429, N'taxsettings.hidetaxinordersummary', N'False', 0)
INSERT [dbo].[Setting] ([Id], [Name], [Value], [StoreId]) VALUES (430, N'taxsettings.forcetaxexclusionfromordersubtotal', N'False', 0)
INSERT [dbo].[Setting] ([Id], [Name], [Value], [StoreId]) VALUES (431, N'taxsettings.defaulttaxcategoryid', N'0', 0)
INSERT [dbo].[Setting] ([Id], [Name], [Value], [StoreId]) VALUES (432, N'taxsettings.shippingistaxable', N'False', 0)
INSERT [dbo].[Setting] ([Id], [Name], [Value], [StoreId]) VALUES (433, N'taxsettings.shippingpriceincludestax', N'False', 0)
INSERT [dbo].[Setting] ([Id], [Name], [Value], [StoreId]) VALUES (434, N'taxsettings.shippingtaxclassid', N'0', 0)
INSERT [dbo].[Setting] ([Id], [Name], [Value], [StoreId]) VALUES (435, N'taxsettings.paymentmethodadditionalfeeistaxable', N'False', 0)
INSERT [dbo].[Setting] ([Id], [Name], [Value], [StoreId]) VALUES (436, N'taxsettings.paymentmethodadditionalfeeincludestax', N'False', 0)
INSERT [dbo].[Setting] ([Id], [Name], [Value], [StoreId]) VALUES (437, N'taxsettings.paymentmethodadditionalfeetaxclassid', N'0', 0)
INSERT [dbo].[Setting] ([Id], [Name], [Value], [StoreId]) VALUES (438, N'taxsettings.euvatenabled', N'False', 0)
INSERT [dbo].[Setting] ([Id], [Name], [Value], [StoreId]) VALUES (439, N'taxsettings.euvatshopcountryid', N'0', 0)
INSERT [dbo].[Setting] ([Id], [Name], [Value], [StoreId]) VALUES (440, N'taxsettings.euvatallowvatexemption', N'True', 0)
INSERT [dbo].[Setting] ([Id], [Name], [Value], [StoreId]) VALUES (441, N'taxsettings.euvatusewebservice', N'False', 0)
INSERT [dbo].[Setting] ([Id], [Name], [Value], [StoreId]) VALUES (442, N'taxsettings.euvatassumevalid', N'False', 0)
INSERT [dbo].[Setting] ([Id], [Name], [Value], [StoreId]) VALUES (443, N'taxsettings.euvatemailadminwhennewvatsubmitted', N'False', 0)
INSERT [dbo].[Setting] ([Id], [Name], [Value], [StoreId]) VALUES (444, N'taxsettings.logerrors', N'False', 0)
INSERT [dbo].[Setting] ([Id], [Name], [Value], [StoreId]) VALUES (445, N'datetimesettings.defaultstoretimezoneid', N'', 0)
INSERT [dbo].[Setting] ([Id], [Name], [Value], [StoreId]) VALUES (446, N'datetimesettings.allowcustomerstosettimezone', N'False', 0)
INSERT [dbo].[Setting] ([Id], [Name], [Value], [StoreId]) VALUES (447, N'blogsettings.enabled', N'True', 0)
INSERT [dbo].[Setting] ([Id], [Name], [Value], [StoreId]) VALUES (448, N'blogsettings.postspagesize', N'10', 0)
INSERT [dbo].[Setting] ([Id], [Name], [Value], [StoreId]) VALUES (449, N'blogsettings.allownotregistereduserstoleavecomments', N'True', 0)
INSERT [dbo].[Setting] ([Id], [Name], [Value], [StoreId]) VALUES (450, N'blogsettings.notifyaboutnewblogcomments', N'False', 0)
INSERT [dbo].[Setting] ([Id], [Name], [Value], [StoreId]) VALUES (451, N'blogsettings.numberoftags', N'15', 0)
INSERT [dbo].[Setting] ([Id], [Name], [Value], [StoreId]) VALUES (452, N'blogsettings.showheaderrssurl', N'False', 0)
INSERT [dbo].[Setting] ([Id], [Name], [Value], [StoreId]) VALUES (453, N'blogsettings.blogcommentsmustbeapproved', N'False', 0)
INSERT [dbo].[Setting] ([Id], [Name], [Value], [StoreId]) VALUES (454, N'blogsettings.showblogcommentsperstore', N'False', 0)
INSERT [dbo].[Setting] ([Id], [Name], [Value], [StoreId]) VALUES (455, N'newssettings.enabled', N'True', 0)
INSERT [dbo].[Setting] ([Id], [Name], [Value], [StoreId]) VALUES (456, N'newssettings.allownotregistereduserstoleavecomments', N'True', 0)
INSERT [dbo].[Setting] ([Id], [Name], [Value], [StoreId]) VALUES (457, N'newssettings.notifyaboutnewnewscomments', N'False', 0)
INSERT [dbo].[Setting] ([Id], [Name], [Value], [StoreId]) VALUES (458, N'newssettings.shownewsonmainpage', N'True', 0)
INSERT [dbo].[Setting] ([Id], [Name], [Value], [StoreId]) VALUES (459, N'newssettings.mainpagenewscount', N'3', 0)
INSERT [dbo].[Setting] ([Id], [Name], [Value], [StoreId]) VALUES (460, N'newssettings.newsarchivepagesize', N'10', 0)
INSERT [dbo].[Setting] ([Id], [Name], [Value], [StoreId]) VALUES (461, N'newssettings.showheaderrssurl', N'False', 0)
INSERT [dbo].[Setting] ([Id], [Name], [Value], [StoreId]) VALUES (462, N'newssettings.newscommentsmustbeapproved', N'False', 0)
INSERT [dbo].[Setting] ([Id], [Name], [Value], [StoreId]) VALUES (463, N'newssettings.shownewscommentsperstore', N'False', 0)
INSERT [dbo].[Setting] ([Id], [Name], [Value], [StoreId]) VALUES (464, N'forumsettings.forumsenabled', N'False', 0)
INSERT [dbo].[Setting] ([Id], [Name], [Value], [StoreId]) VALUES (465, N'forumsettings.relativedatetimeformattingenabled', N'True', 0)
INSERT [dbo].[Setting] ([Id], [Name], [Value], [StoreId]) VALUES (466, N'forumsettings.allowcustomerstoeditposts', N'False', 0)
INSERT [dbo].[Setting] ([Id], [Name], [Value], [StoreId]) VALUES (467, N'forumsettings.allowcustomerstomanagesubscriptions', N'False', 0)
INSERT [dbo].[Setting] ([Id], [Name], [Value], [StoreId]) VALUES (468, N'forumsettings.allowgueststocreateposts', N'False', 0)
INSERT [dbo].[Setting] ([Id], [Name], [Value], [StoreId]) VALUES (469, N'forumsettings.allowgueststocreatetopics', N'False', 0)
INSERT [dbo].[Setting] ([Id], [Name], [Value], [StoreId]) VALUES (470, N'forumsettings.allowcustomerstodeleteposts', N'False', 0)
INSERT [dbo].[Setting] ([Id], [Name], [Value], [StoreId]) VALUES (471, N'forumsettings.allowpostvoting', N'True', 0)
INSERT [dbo].[Setting] ([Id], [Name], [Value], [StoreId]) VALUES (472, N'forumsettings.maxvotesperday', N'30', 0)
INSERT [dbo].[Setting] ([Id], [Name], [Value], [StoreId]) VALUES (473, N'forumsettings.topicsubjectmaxlength', N'450', 0)
INSERT [dbo].[Setting] ([Id], [Name], [Value], [StoreId]) VALUES (474, N'forumsettings.strippedtopicmaxlength', N'45', 0)
INSERT [dbo].[Setting] ([Id], [Name], [Value], [StoreId]) VALUES (475, N'forumsettings.postmaxlength', N'4000', 0)
INSERT [dbo].[Setting] ([Id], [Name], [Value], [StoreId]) VALUES (476, N'forumsettings.topicspagesize', N'10', 0)
INSERT [dbo].[Setting] ([Id], [Name], [Value], [StoreId]) VALUES (477, N'forumsettings.postspagesize', N'10', 0)
INSERT [dbo].[Setting] ([Id], [Name], [Value], [StoreId]) VALUES (478, N'forumsettings.searchresultspagesize', N'10', 0)
INSERT [dbo].[Setting] ([Id], [Name], [Value], [StoreId]) VALUES (479, N'forumsettings.activediscussionspagesize', N'50', 0)
INSERT [dbo].[Setting] ([Id], [Name], [Value], [StoreId]) VALUES (480, N'forumsettings.latestcustomerpostspagesize', N'10', 0)
INSERT [dbo].[Setting] ([Id], [Name], [Value], [StoreId]) VALUES (481, N'forumsettings.showcustomerspostcount', N'True', 0)
INSERT [dbo].[Setting] ([Id], [Name], [Value], [StoreId]) VALUES (482, N'forumsettings.forumeditor', N'BBCodeEditor', 0)
INSERT [dbo].[Setting] ([Id], [Name], [Value], [StoreId]) VALUES (483, N'forumsettings.signaturesenabled', N'True', 0)
INSERT [dbo].[Setting] ([Id], [Name], [Value], [StoreId]) VALUES (484, N'forumsettings.allowprivatemessages', N'False', 0)
INSERT [dbo].[Setting] ([Id], [Name], [Value], [StoreId]) VALUES (485, N'forumsettings.showalertforpm', N'False', 0)
INSERT [dbo].[Setting] ([Id], [Name], [Value], [StoreId]) VALUES (486, N'forumsettings.privatemessagespagesize', N'10', 0)
INSERT [dbo].[Setting] ([Id], [Name], [Value], [StoreId]) VALUES (487, N'forumsettings.forumsubscriptionspagesize', N'10', 0)
INSERT [dbo].[Setting] ([Id], [Name], [Value], [StoreId]) VALUES (488, N'forumsettings.notifyaboutprivatemessages', N'False', 0)
INSERT [dbo].[Setting] ([Id], [Name], [Value], [StoreId]) VALUES (489, N'forumsettings.pmsubjectmaxlength', N'450', 0)
INSERT [dbo].[Setting] ([Id], [Name], [Value], [StoreId]) VALUES (490, N'forumsettings.pmtextmaxlength', N'4000', 0)
INSERT [dbo].[Setting] ([Id], [Name], [Value], [StoreId]) VALUES (491, N'forumsettings.homepageactivediscussionstopiccount', N'5', 0)
INSERT [dbo].[Setting] ([Id], [Name], [Value], [StoreId]) VALUES (492, N'forumsettings.activediscussionsfeedcount', N'25', 0)
INSERT [dbo].[Setting] ([Id], [Name], [Value], [StoreId]) VALUES (493, N'forumsettings.activediscussionsfeedenabled', N'False', 0)
INSERT [dbo].[Setting] ([Id], [Name], [Value], [StoreId]) VALUES (494, N'forumsettings.forumfeedsenabled', N'False', 0)
INSERT [dbo].[Setting] ([Id], [Name], [Value], [StoreId]) VALUES (495, N'forumsettings.forumfeedcount', N'10', 0)
INSERT [dbo].[Setting] ([Id], [Name], [Value], [StoreId]) VALUES (496, N'forumsettings.forumsearchtermminimumlength', N'3', 0)
INSERT [dbo].[Setting] ([Id], [Name], [Value], [StoreId]) VALUES (497, N'vendorsettings.defaultvendorpagesizeoptions', N'6, 3, 9', 0)
INSERT [dbo].[Setting] ([Id], [Name], [Value], [StoreId]) VALUES (498, N'vendorsettings.vendorsblockitemstodisplay', N'0', 0)
INSERT [dbo].[Setting] ([Id], [Name], [Value], [StoreId]) VALUES (499, N'vendorsettings.showvendoronproductdetailspage', N'True', 0)
INSERT [dbo].[Setting] ([Id], [Name], [Value], [StoreId]) VALUES (500, N'vendorsettings.allowcustomerstocontactvendors', N'True', 0)
INSERT [dbo].[Setting] ([Id], [Name], [Value], [StoreId]) VALUES (501, N'vendorsettings.allowcustomerstoapplyforvendoraccount', N'True', 0)
INSERT [dbo].[Setting] ([Id], [Name], [Value], [StoreId]) VALUES (502, N'vendorsettings.termsofserviceenabled', N'False', 0)
INSERT [dbo].[Setting] ([Id], [Name], [Value], [StoreId]) VALUES (503, N'vendorsettings.allowsearchbyvendor', N'False', 0)
INSERT [dbo].[Setting] ([Id], [Name], [Value], [StoreId]) VALUES (504, N'vendorsettings.allowvendorstoeditinfo', N'False', 0)
INSERT [dbo].[Setting] ([Id], [Name], [Value], [StoreId]) VALUES (505, N'vendorsettings.notifystoreowneraboutvendorinformationchange', N'True', 0)
INSERT [dbo].[Setting] ([Id], [Name], [Value], [StoreId]) VALUES (506, N'vendorsettings.maximumproductnumber', N'3000', 0)
INSERT [dbo].[Setting] ([Id], [Name], [Value], [StoreId]) VALUES (507, N'vendorsettings.allowvendorstoimportproducts', N'True', 0)
INSERT [dbo].[Setting] ([Id], [Name], [Value], [StoreId]) VALUES (508, N'emailaccountsettings.defaultemailaccountid', N'1', 0)
INSERT [dbo].[Setting] ([Id], [Name], [Value], [StoreId]) VALUES (509, N'widgetsettings.activewidgetsystemnames', N'Widgets.NivoSlider', 0)
INSERT [dbo].[Setting] ([Id], [Name], [Value], [StoreId]) VALUES (510, N'displaydefaultmenuitemsettings.displayhomepagemenuitem', N'False', 0)
INSERT [dbo].[Setting] ([Id], [Name], [Value], [StoreId]) VALUES (511, N'displaydefaultmenuitemsettings.displaynewproductsmenuitem', N'False', 0)
INSERT [dbo].[Setting] ([Id], [Name], [Value], [StoreId]) VALUES (512, N'displaydefaultmenuitemsettings.displayproductsearchmenuitem', N'False', 0)
INSERT [dbo].[Setting] ([Id], [Name], [Value], [StoreId]) VALUES (513, N'displaydefaultmenuitemsettings.displaycustomerinfomenuitem', N'False', 0)
INSERT [dbo].[Setting] ([Id], [Name], [Value], [StoreId]) VALUES (514, N'displaydefaultmenuitemsettings.displayblogmenuitem', N'False', 0)
INSERT [dbo].[Setting] ([Id], [Name], [Value], [StoreId]) VALUES (515, N'displaydefaultmenuitemsettings.displayforumsmenuitem', N'False', 0)
INSERT [dbo].[Setting] ([Id], [Name], [Value], [StoreId]) VALUES (516, N'displaydefaultmenuitemsettings.displaycontactusmenuitem', N'False', 0)
INSERT [dbo].[Setting] ([Id], [Name], [Value], [StoreId]) VALUES (517, N'securitysettings.pluginstaticfileextensionsblacklist', N'', 0)
SET IDENTITY_INSERT [dbo].[Setting] OFF
GO


SET IDENTITY_INSERT [dbo].[ScheduleTask] ON 

INSERT [dbo].[ScheduleTask] ([Id], [Name], [Seconds], [Type], [Enabled], [StopOnError], [LastStartUtc], [LastEndUtc], [LastSuccessUtc]) VALUES (1, N'Send emails', 60, N'Game.Services.Messages.QueuedMessagesSendTask, Game.Services', 1, 0, NULL, NULL, NULL)
INSERT [dbo].[ScheduleTask] ([Id], [Name], [Seconds], [Type], [Enabled], [StopOnError], [LastStartUtc], [LastEndUtc], [LastSuccessUtc]) VALUES (2, N'Keep alive', 300, N'Game.Services.Common.KeepAliveTask, Game.Services', 1, 0, NULL, NULL, NULL)
INSERT [dbo].[ScheduleTask] ([Id], [Name], [Seconds], [Type], [Enabled], [StopOnError], [LastStartUtc], [LastEndUtc], [LastSuccessUtc]) VALUES (3, N'Delete guests', 600, N'Game.Services.Customers.DeleteGuestsTask, Game.Services', 1, 0, NULL, NULL, NULL)
INSERT [dbo].[ScheduleTask] ([Id], [Name], [Seconds], [Type], [Enabled], [StopOnError], [LastStartUtc], [LastEndUtc], [LastSuccessUtc]) VALUES (4, N'Clear cache', 600, N'Game.Services.Caching.ClearCacheTask, Game.Services', 0, 0, NULL, NULL, NULL)
INSERT [dbo].[ScheduleTask] ([Id], [Name], [Seconds], [Type], [Enabled], [StopOnError], [LastStartUtc], [LastEndUtc], [LastSuccessUtc]) VALUES (5, N'Clear log', 3600, N'Game.Services.Logging.ClearLogTask, Game.Services', 0, 0, NULL, NULL, NULL)
INSERT [dbo].[ScheduleTask] ([Id], [Name], [Seconds], [Type], [Enabled], [StopOnError], [LastStartUtc], [LastEndUtc], [LastSuccessUtc]) VALUES (6, N'Update currency exchange rates', 3600, N'Game.Services.Directory.UpdateExchangeRateTask, Game.Services', 1, 0, NULL, NULL, NULL)
SET IDENTITY_INSERT [dbo].[ScheduleTask] OFF
GO
